367488370,2023-01-01T00:00:00,36.91811,-75.32403,214.0,RACHEL
367488370,2023-01-01T00:01:05,36.91669,-75.32494,215.0,RACHEL
367488370,2023-01-01T00:02:08,36.91535,-75.32590,217.0,RACHEL
367488370,2023-01-01T00:03:11,36.91399,-75.32690,219.0,RACHEL
367488370,2023-01-01T00:04:13,36.91266,-75.32792,219.0,RACHEL
367488370,2023-01-01T00:05:17,36.91130,-75.32894,219.0,RACHEL
367488370,2023-01-01T00:06:23,36.90993,-75.33004,219.0,RACHEL
367488370,2023-01-01T00:07:24,36.90864,-75.33103,220.0,RACHEL
367488370,2023-01-01T00:08:26,36.90732,-75.33209,218.0,RACHEL
367488370,2023-01-01T00:09:29,36.90598,-75.33316,221.0,RACHEL
367488370,2023-01-01T00:10:30,36.90470,-75.33419,219.0,RACHEL
367488370,2023-01-01T00:11:32,36.90335,-75.33519,217.0,RACHEL
367488370,2023-01-01T00:12:33,36.90205,-75.33618,216.0,RACHEL
367488370,2023-01-01T00:13:37,36.90067,-75.33725,218.0,RACHEL
367488370,2023-01-01T00:14:43,36.89926,-75.33836,221.0,RACHEL
367488370,2023-01-01T00:15:46,36.89793,-75.33942,220.0,RACHEL
367488370,2023-01-01T00:16:54,36.89643,-75.34054,214.0,RACHEL
367488370,2023-01-01T00:17:57,36.89499,-75.34146,213.0,RACHEL
367488370,2023-01-01T00:19:02,36.89347,-75.34236,211.0,RACHEL
367488370,2023-01-01T00:20:04,36.89199,-75.34315,207.0,RACHEL
367488370,2023-01-01T00:21:05,36.89053,-75.34387,208.0,RACHEL
367488370,2023-01-01T00:22:06,36.88909,-75.34459,206.0,RACHEL
367488370,2023-01-01T00:23:07,36.88766,-75.34529,207.0,RACHEL
367488370,2023-01-01T00:24:13,36.88607,-75.34602,207.0,RACHEL
367488370,2023-01-01T00:25:15,36.88456,-75.34671,206.0,RACHEL
367488370,2023-01-01T00:26:17,36.88306,-75.34739,206.0,RACHEL
367488370,2023-01-01T00:27:19,36.88159,-75.34811,205.0,RACHEL
367488370,2023-01-01T00:28:20,36.88013,-75.34879,205.0,RACHEL
367488370,2023-01-01T00:29:22,36.87859,-75.34948,206.0,RACHEL
367488370,2023-01-01T00:30:25,36.87706,-75.35022,205.0,RACHEL
367488370,2023-01-01T00:31:27,36.87555,-75.35092,204.0,RACHEL
367488370,2023-01-01T00:32:29,36.87400,-75.35163,206.0,RACHEL
367488370,2023-01-01T00:33:32,36.87244,-75.35236,207.0,RACHEL
367488370,2023-01-01T00:34:33,36.87096,-75.35308,205.0,RACHEL
367488370,2023-01-01T00:35:38,36.86934,-75.35386,205.0,RACHEL
367488370,2023-01-01T00:36:41,36.86775,-75.35467,204.0,RACHEL
367488370,2023-01-01T00:37:43,36.86619,-75.35547,206.0,RACHEL
367488370,2023-01-01T00:38:46,36.86464,-75.35629,204.0,RACHEL
367488370,2023-01-01T00:39:47,36.86313,-75.35707,206.0,RACHEL
367488370,2023-01-01T00:40:52,36.86152,-75.35792,203.0,RACHEL
367488370,2023-01-01T00:41:53,36.86000,-75.35877,207.0,RACHEL
367488370,2023-01-01T00:42:54,36.85845,-75.35962,205.0,RACHEL
367488370,2023-01-01T00:43:55,36.85694,-75.36048,205.0,RACHEL
367488370,2023-01-01T00:44:57,36.85534,-75.36134,206.0,RACHEL
367488370,2023-01-01T00:45:59,36.85377,-75.36221,207.0,RACHEL
367488370,2023-01-01T00:47:01,36.85222,-75.36310,206.0,RACHEL
367488370,2023-01-01T00:48:03,36.85068,-75.36398,204.0,RACHEL
367488370,2023-01-01T00:49:07,36.84906,-75.36486,206.0,RACHEL
367488370,2023-01-01T00:50:09,36.84752,-75.36574,205.0,RACHEL
367488370,2023-01-01T00:51:13,36.84593,-75.36665,206.0,RACHEL
367488370,2023-01-01T00:52:14,36.84441,-75.36753,205.0,RACHEL
367488370,2023-01-01T00:53:15,36.84289,-75.36840,204.0,RACHEL
367488370,2023-01-01T00:54:16,36.84134,-75.36923,205.0,RACHEL
367488370,2023-01-01T00:55:17,36.83984,-75.37011,207.0,RACHEL
367488370,2023-01-01T00:56:23,36.83821,-75.37107,206.0,RACHEL
367488370,2023-01-01T00:57:24,36.83670,-75.37199,205.0,RACHEL
367488370,2023-01-01T00:58:25,36.83517,-75.37291,209.0,RACHEL
367488370,2023-01-01T00:59:26,36.83367,-75.37384,209.0,RACHEL
367488370,2023-01-01T01:00:05,36.83271,-75.37445,208.0,RACHEL
367488370,2023-01-01T01:01:06,36.83120,-75.37539,207.0,RACHEL
367488370,2023-01-01T01:02:07,36.82970,-75.37633,207.0,RACHEL
367488370,2023-01-01T01:03:11,36.82814,-75.37730,207.0,RACHEL
367488370,2023-01-01T01:04:14,36.82662,-75.37823,206.0,RACHEL
367488370,2023-01-01T01:05:16,36.82513,-75.37916,206.0,RACHEL
367488370,2023-01-01T01:06:17,36.82363,-75.38005,207.0,RACHEL
367488370,2023-01-01T01:07:20,36.82211,-75.38102,208.0,RACHEL
367488370,2023-01-01T01:08:21,36.82061,-75.38198,207.0,RACHEL
367488370,2023-01-01T01:09:22,36.81911,-75.38294,206.0,RACHEL
367488370,2023-01-01T01:10:24,36.81758,-75.38388,208.0,RACHEL
367488370,2023-01-01T01:11:26,36.81603,-75.38487,208.0,RACHEL
367488370,2023-01-01T01:12:30,36.81444,-75.38584,207.0,RACHEL
367488370,2023-01-01T01:13:31,36.81290,-75.38678,206.0,RACHEL
367488370,2023-01-01T01:14:33,36.81138,-75.38771,206.0,RACHEL
367488370,2023-01-01T01:15:34,36.80989,-75.38863,207.0,RACHEL
367488370,2023-01-01T01:16:37,36.80831,-75.38960,207.0,RACHEL
367488370,2023-01-01T01:17:39,36.80678,-75.39055,206.0,RACHEL
367488370,2023-01-01T01:18:45,36.80514,-75.39150,207.0,RACHEL
367488370,2023-01-01T01:19:47,36.80359,-75.39239,207.0,RACHEL
367488370,2023-01-01T01:20:53,36.80196,-75.39337,206.0,RACHEL
367488370,2023-01-01T01:21:54,36.80043,-75.39426,206.0,RACHEL
367488370,2023-01-01T01:22:57,36.79879,-75.39522,206.0,RACHEL
367488370,2023-01-01T01:23:58,36.79725,-75.39615,207.0,RACHEL
367488370,2023-01-01T01:25:06,36.79546,-75.39728,208.0,RACHEL
367488370,2023-01-01T01:26:11,36.79373,-75.39830,207.0,RACHEL
367488370,2023-01-01T01:27:13,36.79211,-75.39931,207.0,RACHEL
367488370,2023-01-01T01:28:16,36.79047,-75.40029,207.0,RACHEL
367488370,2023-01-01T01:29:24,36.78870,-75.40135,206.0,RACHEL
367488370,2023-01-01T01:30:26,36.78708,-75.40237,208.0,RACHEL
367488370,2023-01-01T01:31:27,36.78551,-75.40332,207.0,RACHEL
367488370,2023-01-01T01:32:28,36.78390,-75.40431,205.0,RACHEL
367488370,2023-01-01T01:33:29,36.78231,-75.40529,208.0,RACHEL
367488370,2023-01-01T01:34:32,36.78068,-75.40628,206.0,RACHEL
367488370,2023-01-01T01:35:33,36.77913,-75.40722,206.0,RACHEL
367488370,2023-01-01T01:36:35,36.77752,-75.40821,207.0,RACHEL
367488370,2023-01-01T01:37:36,36.77595,-75.40919,207.0,RACHEL
367488370,2023-01-01T01:38:39,36.77434,-75.41015,207.0,RACHEL
367488370,2023-01-01T01:39:40,36.77273,-75.41113,207.0,RACHEL
367488370,2023-01-01T01:40:42,36.77114,-75.41213,207.0,RACHEL
367488370,2023-01-01T01:41:43,36.76960,-75.41308,207.0,RACHEL
367488370,2023-01-01T01:42:44,36.76805,-75.41404,206.0,RACHEL
367488370,2023-01-01T01:43:49,36.76641,-75.41509,207.0,RACHEL
367488370,2023-01-01T01:44:50,36.76477,-75.41606,206.0,RACHEL
367488370,2023-01-01T01:45:51,36.76322,-75.41706,206.0,RACHEL
367488370,2023-01-01T01:46:53,36.76159,-75.41805,205.0,RACHEL
367488370,2023-01-01T01:47:57,36.75997,-75.41910,207.0,RACHEL
367488370,2023-01-01T01:49:02,36.75833,-75.42012,206.0,RACHEL
367488370,2023-01-01T01:50:03,36.75676,-75.42104,206.0,RACHEL
367488370,2023-01-01T01:51:04,36.75513,-75.42201,206.0,RACHEL
367488370,2023-01-01T01:52:06,36.75350,-75.42296,207.0,RACHEL
367488370,2023-01-01T01:53:09,36.75189,-75.42392,205.0,RACHEL
367488370,2023-01-01T01:54:10,36.75033,-75.42483,205.0,RACHEL
367488370,2023-01-01T01:55:15,36.74868,-75.42578,206.0,RACHEL
367488370,2023-01-01T01:56:18,36.74704,-75.42678,206.0,RACHEL
367488370,2023-01-01T01:57:19,36.74545,-75.42773,205.0,RACHEL
367488370,2023-01-01T01:58:24,36.74378,-75.42873,206.0,RACHEL
367488370,2023-01-01T01:59:26,36.74220,-75.42974,207.0,RACHEL
367488370,2023-01-01T02:00:00,36.74129,-75.43030,207.0,RACHEL
367488370,2023-01-01T02:01:02,36.73973,-75.43130,207.0,RACHEL
367488370,2023-01-01T02:02:03,36.73817,-75.43228,207.0,RACHEL
367488370,2023-01-01T02:03:06,36.73656,-75.43331,206.0,RACHEL
367488370,2023-01-01T02:04:07,36.73501,-75.43431,208.0,RACHEL
367488370,2023-01-01T02:05:09,36.73344,-75.43530,207.0,RACHEL
367488370,2023-01-01T02:06:13,36.73179,-75.43634,204.0,RACHEL
367488370,2023-01-01T02:07:16,36.73013,-75.43733,204.0,RACHEL
367488370,2023-01-01T02:08:20,36.72849,-75.43835,206.0,RACHEL
367488370,2023-01-01T02:09:23,36.72688,-75.43936,206.0,RACHEL
367488370,2023-01-01T02:10:25,36.72530,-75.44033,207.0,RACHEL
367488370,2023-01-01T02:11:29,36.72366,-75.44138,207.0,RACHEL
367488370,2023-01-01T02:12:31,36.72209,-75.44233,207.0,RACHEL
367488370,2023-01-01T02:13:32,36.72051,-75.44334,206.0,RACHEL
367488370,2023-01-01T02:14:33,36.71897,-75.44429,205.0,RACHEL
367488370,2023-01-01T02:15:34,36.71743,-75.44528,204.0,RACHEL
367488370,2023-01-01T02:16:35,36.71586,-75.44627,206.0,RACHEL
367488370,2023-01-01T02:17:37,36.71426,-75.44728,205.0,RACHEL
367488370,2023-01-01T02:18:39,36.71269,-75.44826,206.0,RACHEL
367488370,2023-01-01T02:19:41,36.71108,-75.44925,207.0,RACHEL
367488370,2023-01-01T02:20:43,36.70945,-75.45025,206.0,RACHEL
367488370,2023-01-01T02:21:44,36.70792,-75.45123,207.0,RACHEL
367488370,2023-01-01T02:22:47,36.70632,-75.45228,207.0,RACHEL
367488370,2023-01-01T02:23:50,36.70468,-75.45331,208.0,RACHEL
367488370,2023-01-01T02:24:51,36.70311,-75.45430,206.0,RACHEL
367488370,2023-01-01T02:25:54,36.70149,-75.45530,205.0,RACHEL
367488370,2023-01-01T02:26:55,36.69996,-75.45629,205.0,RACHEL
367488370,2023-01-01T02:27:56,36.69840,-75.45730,207.0,RACHEL
367488370,2023-01-01T02:28:57,36.69684,-75.45830,205.0,RACHEL
367488370,2023-01-01T02:29:59,36.69522,-75.45934,206.0,RACHEL
367488370,2023-01-01T02:31:01,36.69365,-75.46033,206.0,RACHEL
367488370,2023-01-01T02:32:03,36.69205,-75.46136,205.0,RACHEL
367488370,2023-01-01T02:33:04,36.69050,-75.46236,206.0,RACHEL
367488370,2023-01-01T02:34:05,36.68896,-75.46338,206.0,RACHEL
367488370,2023-01-01T02:35:06,36.68741,-75.46437,207.0,RACHEL
367488370,2023-01-01T02:36:07,36.68582,-75.46534,206.0,RACHEL
367488370,2023-01-01T02:37:12,36.68419,-75.46636,205.0,RACHEL
367488370,2023-01-01T02:38:13,36.68261,-75.46735,206.0,RACHEL
367488370,2023-01-01T02:39:16,36.68104,-75.46831,205.0,RACHEL
367488370,2023-01-01T02:40:20,36.67942,-75.46932,206.0,RACHEL
367488370,2023-01-01T02:41:21,36.67785,-75.47027,205.0,RACHEL
367488370,2023-01-01T02:42:24,36.67624,-75.47129,205.0,RACHEL
367488370,2023-01-01T02:43:26,36.67463,-75.47227,207.0,RACHEL
367488370,2023-01-01T02:44:27,36.67306,-75.47324,207.0,RACHEL
367488370,2023-01-01T02:45:29,36.67151,-75.47425,207.0,RACHEL
367488370,2023-01-01T02:46:30,36.66995,-75.47525,205.0,RACHEL
367488370,2023-01-01T02:47:37,36.66822,-75.47631,205.0,RACHEL
367488370,2023-01-01T02:48:40,36.66658,-75.47731,206.0,RACHEL
367488370,2023-01-01T02:49:42,36.66500,-75.47824,207.0,RACHEL
367488370,2023-01-01T02:50:43,36.66349,-75.47919,207.0,RACHEL
367488370,2023-01-01T02:51:46,36.66191,-75.48015,207.0,RACHEL
367488370,2023-01-01T02:52:48,36.66029,-75.48116,205.0,RACHEL
367488370,2023-01-01T02:53:53,36.65862,-75.48216,206.0,RACHEL
367488370,2023-01-01T02:54:54,36.65710,-75.48308,207.0,RACHEL
367488370,2023-01-01T02:55:56,36.65550,-75.48405,205.0,RACHEL
367488370,2023-01-01T02:57:00,36.65387,-75.48507,206.0,RACHEL
367488370,2023-01-01T02:58:03,36.65224,-75.48603,206.0,RACHEL
367488370,2023-01-01T02:59:06,36.65059,-75.48699,205.0,RACHEL
367488370,2023-01-01T03:00:03,36.64913,-75.48786,206.0,RACHEL
367488370,2023-01-01T03:01:04,36.64761,-75.48880,206.0,RACHEL
367488370,2023-01-01T03:02:06,36.64599,-75.48974,206.0,RACHEL
367488370,2023-01-01T03:03:08,36.64443,-75.49068,206.0,RACHEL
367488370,2023-01-01T03:04:11,36.64278,-75.49165,206.0,RACHEL
367488370,2023-01-01T03:05:12,36.64122,-75.49262,205.0,RACHEL
367488370,2023-01-01T03:06:13,36.63965,-75.49355,205.0,RACHEL
367488370,2023-01-01T03:07:17,36.63803,-75.49457,204.0,RACHEL
367488370,2023-01-01T03:08:19,36.63640,-75.49556,206.0,RACHEL
367488370,2023-01-01T03:09:27,36.63469,-75.49661,202.0,RACHEL
367488370,2023-01-01T03:10:29,36.63306,-75.49748,204.0,RACHEL
367488370,2023-01-01T03:11:32,36.63139,-75.49836,203.0,RACHEL
367488370,2023-01-01T03:12:34,36.62977,-75.49923,204.0,RACHEL
367488370,2023-01-01T03:13:37,36.62806,-75.50010,203.0,RACHEL
367488370,2023-01-01T03:14:38,36.62647,-75.50097,204.0,RACHEL
367488370,2023-01-01T03:15:43,36.62476,-75.50189,204.0,RACHEL
367488370,2023-01-01T03:16:44,36.62318,-75.50276,203.0,RACHEL
367488370,2023-01-01T03:17:50,36.62144,-75.50369,203.0,RACHEL
367488370,2023-01-01T03:18:53,36.61975,-75.50458,203.0,RACHEL
367488370,2023-01-01T03:19:56,36.61810,-75.50547,203.0,RACHEL
367488370,2023-01-01T03:20:57,36.61656,-75.50630,204.0,RACHEL
367488370,2023-01-01T03:21:58,36.61498,-75.50717,203.0,RACHEL
367488370,2023-01-01T03:23:01,36.61333,-75.50808,203.0,RACHEL
367488370,2023-01-01T03:24:03,36.61169,-75.50897,202.0,RACHEL
367488370,2023-01-01T03:25:06,36.60999,-75.50990,202.0,RACHEL
367488370,2023-01-01T03:26:11,36.60823,-75.51078,203.0,RACHEL
367488370,2023-01-01T03:27:12,36.60662,-75.51165,202.0,RACHEL
367488370,2023-01-01T03:28:13,36.60501,-75.51255,203.0,RACHEL
367488370,2023-01-01T03:29:15,36.60340,-75.51341,203.0,RACHEL
367488370,2023-01-01T03:30:18,36.60171,-75.51436,202.0,RACHEL
367488370,2023-01-01T03:31:20,36.60010,-75.51529,204.0,RACHEL
367488370,2023-01-01T03:32:25,36.59840,-75.51622,203.0,RACHEL
367488370,2023-01-01T03:33:30,36.59671,-75.51715,203.0,RACHEL
367488370,2023-01-01T03:34:34,36.59501,-75.51807,203.0,RACHEL
367488370,2023-01-01T03:35:35,36.59343,-75.51897,202.0,RACHEL
367488370,2023-01-01T03:36:44,36.59160,-75.52001,203.0,RACHEL
367488370,2023-01-01T03:37:45,36.59002,-75.52093,203.0,RACHEL
367488370,2023-01-01T03:38:47,36.58835,-75.52188,203.0,RACHEL
367488370,2023-01-01T03:39:51,36.58672,-75.52281,204.0,RACHEL
367488370,2023-01-01T03:40:53,36.58510,-75.52372,203.0,RACHEL
367488370,2023-01-01T03:41:55,36.58351,-75.52463,202.0,RACHEL
367488370,2023-01-01T03:42:58,36.58193,-75.52554,203.0,RACHEL
367488370,2023-01-01T03:43:59,36.58039,-75.52638,204.0,RACHEL
367488370,2023-01-01T03:45:01,36.57879,-75.52729,203.0,RACHEL
367488370,2023-01-01T03:46:03,36.57721,-75.52818,205.0,RACHEL
367488370,2023-01-01T03:47:04,36.57562,-75.52914,203.0,RACHEL
367488370,2023-01-01T03:48:05,36.57404,-75.53004,204.0,RACHEL
367488370,2023-01-01T03:49:10,36.57236,-75.53097,203.0,RACHEL
367488370,2023-01-01T03:50:11,36.57075,-75.53186,204.0,RACHEL
367488370,2023-01-01T03:51:14,36.56917,-75.53274,203.0,RACHEL
367488370,2023-01-01T03:52:16,36.56753,-75.53365,203.0,RACHEL
367488370,2023-01-01T03:53:17,36.56597,-75.53455,204.0,RACHEL
367488370,2023-01-01T03:54:18,36.56441,-75.53540,203.0,RACHEL
367488370,2023-01-01T03:55:21,36.56274,-75.53634,204.0,RACHEL
367488370,2023-01-01T03:56:23,36.56107,-75.53725,204.0,RACHEL
367488370,2023-01-01T03:57:24,36.55946,-75.53812,203.0,RACHEL
367488370,2023-01-01T03:58:26,36.55782,-75.53903,203.0,RACHEL
367488370,2023-01-01T03:59:27,36.55620,-75.53994,203.0,RACHEL
367488370,2023-01-01T04:00:00,36.55530,-75.54044,203.0,RACHEL
367488370,2023-01-01T04:01:01,36.55370,-75.54135,204.0,RACHEL
367488370,2023-01-01T04:02:03,36.55205,-75.54228,202.0,RACHEL
367488370,2023-01-01T04:03:05,36.55037,-75.54324,204.0,RACHEL
367488370,2023-01-01T04:04:06,36.54873,-75.54413,203.0,RACHEL
367488370,2023-01-01T04:05:07,36.54713,-75.54511,209.0,RACHEL
367488370,2023-01-01T04:06:13,36.54544,-75.54632,210.0,RACHEL
367488370,2023-01-01T04:07:17,36.54379,-75.54751,210.0,RACHEL
367488370,2023-01-01T04:08:18,36.54222,-75.54867,208.0,RACHEL
367488370,2023-01-01T04:09:19,36.54055,-75.54987,208.0,RACHEL
367488370,2023-01-01T04:10:22,36.53882,-75.55109,208.0,RACHEL
367488370,2023-01-01T04:11:23,36.53718,-75.55229,208.0,RACHEL
367488370,2023-01-01T04:12:28,36.53547,-75.55356,211.0,RACHEL
367488370,2023-01-01T04:13:29,36.53384,-75.55479,209.0,RACHEL
367488370,2023-01-01T04:14:34,36.53204,-75.55609,210.0,RACHEL
367488370,2023-01-01T04:15:35,36.53039,-75.55731,210.0,RACHEL
367488370,2023-01-01T04:16:36,36.52871,-75.55852,211.0,RACHEL
367488370,2023-01-01T04:17:38,36.52695,-75.55968,205.0,RACHEL
367488370,2023-01-01T04:18:39,36.52519,-75.56072,205.0,RACHEL
367488370,2023-01-01T04:19:43,36.52335,-75.56177,205.0,RACHEL
367488370,2023-01-01T04:20:45,36.52159,-75.56285,205.0,RACHEL
367488370,2023-01-01T04:21:46,36.51986,-75.56387,204.0,RACHEL
367488370,2023-01-01T04:22:54,36.51790,-75.56500,204.0,RACHEL
367488370,2023-01-01T04:23:59,36.51606,-75.56615,207.0,RACHEL
367488370,2023-01-01T04:25:01,36.51431,-75.56726,206.0,RACHEL
367488370,2023-01-01T04:26:02,36.51260,-75.56832,206.0,RACHEL
367488370,2023-01-01T04:27:03,36.51091,-75.56937,205.0,RACHEL
367488370,2023-01-01T04:28:05,36.50914,-75.57044,206.0,RACHEL
367488370,2023-01-01T04:29:06,36.50740,-75.57149,207.0,RACHEL
367488370,2023-01-01T04:30:07,36.50570,-75.57257,205.0,RACHEL
367488370,2023-01-01T04:31:09,36.50395,-75.57364,206.0,RACHEL
367488370,2023-01-01T04:32:10,36.50227,-75.57471,206.0,RACHEL
367488370,2023-01-01T04:33:11,36.50061,-75.57574,207.0,RACHEL
367488370,2023-01-01T04:34:12,36.49891,-75.57683,205.0,RACHEL
367488370,2023-01-01T04:35:14,36.49719,-75.57795,204.0,RACHEL
367488370,2023-01-01T04:36:16,36.49546,-75.57905,205.0,RACHEL
367488370,2023-01-01T04:37:19,36.49369,-75.58017,202.0,RACHEL
367488370,2023-01-01T04:38:22,36.49191,-75.58120,203.0,RACHEL
367488370,2023-01-01T04:39:25,36.49012,-75.58219,203.0,RACHEL
367488370,2023-01-01T04:40:27,36.48834,-75.58318,201.0,RACHEL
367488370,2023-01-01T04:41:30,36.48649,-75.58419,202.0,RACHEL
367488370,2023-01-01T04:42:33,36.48467,-75.58516,201.0,RACHEL
367488370,2023-01-01T04:43:34,36.48295,-75.58611,201.0,RACHEL
367488370,2023-01-01T04:44:35,36.48121,-75.58711,201.0,RACHEL
367488370,2023-01-01T04:45:36,36.47943,-75.58801,198.0,RACHEL
367488370,2023-01-01T04:46:39,36.47763,-75.58886,200.0,RACHEL
367488370,2023-01-01T04:47:40,36.47585,-75.58968,197.0,RACHEL
367488370,2023-01-01T04:48:42,36.47402,-75.59052,200.0,RACHEL
367488370,2023-01-01T04:49:46,36.47217,-75.59141,197.0,RACHEL
367488370,2023-01-01T04:50:49,36.47033,-75.59222,197.0,RACHEL
367488370,2023-01-01T04:51:55,36.46838,-75.59311,198.0,RACHEL
367488370,2023-01-01T04:52:57,36.46656,-75.59396,198.0,RACHEL
367488370,2023-01-01T04:54:00,36.46467,-75.59481,199.0,RACHEL
367488370,2023-01-01T04:55:01,36.46294,-75.59561,199.0,RACHEL
367488370,2023-01-01T04:56:04,36.46108,-75.59640,195.0,RACHEL
367488370,2023-01-01T04:57:05,36.45925,-75.59708,195.0,RACHEL
367488370,2023-01-01T04:58:06,36.45747,-75.59775,195.0,RACHEL
367488370,2023-01-01T04:59:15,36.45543,-75.59853,196.0,RACHEL
367488370,2023-01-01T05:00:00,36.45407,-75.59901,194.0,RACHEL
367488370,2023-01-01T05:01:03,36.45224,-75.59968,196.0,RACHEL
367488370,2023-01-01T05:02:04,36.45038,-75.60035,195.0,RACHEL
367488370,2023-01-01T05:03:06,36.44853,-75.60089,191.0,RACHEL
367488370,2023-01-01T05:04:10,36.44660,-75.60146,190.0,RACHEL
367488370,2023-01-01T05:05:13,36.44468,-75.60198,192.0,RACHEL
367488370,2023-01-01T05:06:15,36.44281,-75.60251,191.0,RACHEL
367488370,2023-01-01T05:07:16,36.44093,-75.60292,186.0,RACHEL
367488370,2023-01-01T05:08:20,36.43903,-75.60327,187.0,RACHEL
367488370,2023-01-01T05:09:25,36.43710,-75.60365,185.0,RACHEL
367488370,2023-01-01T05:10:26,36.43521,-75.60386,183.0,RACHEL
367488370,2023-01-01T05:11:29,36.43335,-75.60399,181.0,RACHEL
367488370,2023-01-01T05:12:30,36.43147,-75.60410,177.0,RACHEL
367488370,2023-01-01T05:13:38,36.42943,-75.60405,178.0,RACHEL
367488370,2023-01-01T05:14:40,36.42754,-75.60399,176.0,RACHEL
367488370,2023-01-01T05:15:42,36.42561,-75.60390,177.0,RACHEL
367488370,2023-01-01T05:16:43,36.42377,-75.60381,173.0,RACHEL
367488370,2023-01-01T05:17:47,36.42182,-75.60360,173.0,RACHEL
367488370,2023-01-01T05:18:49,36.41987,-75.60341,173.0,RACHEL
367488370,2023-01-01T05:19:51,36.41799,-75.60321,173.0,RACHEL
367488370,2023-01-01T05:20:54,36.41609,-75.60300,172.0,RACHEL
367488370,2023-01-01T05:21:57,36.41416,-75.60274,172.0,RACHEL
367488370,2023-01-01T05:22:59,36.41223,-75.60247,173.0,RACHEL
367488370,2023-01-01T05:24:00,36.41037,-75.60227,172.0,RACHEL
367488370,2023-01-01T05:25:04,36.40843,-75.60205,173.0,RACHEL
367488370,2023-01-01T05:26:06,36.40652,-75.60182,169.0,RACHEL
367488370,2023-01-01T05:27:07,36.40465,-75.60145,171.0,RACHEL
367488370,2023-01-01T05:28:12,36.40268,-75.60105,170.0,RACHEL
367488370,2023-01-01T05:29:14,36.40082,-75.60072,171.0,RACHEL
367488370,2023-01-01T05:30:17,36.39893,-75.60040,170.0,RACHEL
367488370,2023-01-01T05:31:20,36.39699,-75.60007,171.0,RACHEL
367488370,2023-01-01T05:32:21,36.39514,-75.59980,169.0,RACHEL
367488370,2023-01-01T05:33:23,36.39325,-75.59946,170.0,RACHEL
367488370,2023-01-01T05:34:26,36.39134,-75.59907,167.0,RACHEL
367488370,2023-01-01T05:35:29,36.38949,-75.59868,168.0,RACHEL
367488370,2023-01-01T05:36:30,36.38768,-75.59830,169.0,RACHEL
367488370,2023-01-01T05:37:32,36.38578,-75.59792,168.0,RACHEL
367488370,2023-01-01T05:38:34,36.38393,-75.59752,169.0,RACHEL
367488370,2023-01-01T05:39:36,36.38205,-75.59710,166.0,RACHEL
367488370,2023-01-01T05:40:41,36.38005,-75.59662,166.0,RACHEL
367488370,2023-01-01T05:41:43,36.37825,-75.59613,165.0,RACHEL
367488370,2023-01-01T05:42:49,36.37626,-75.59563,168.0,RACHEL
367488370,2023-01-01T05:43:52,36.37438,-75.59514,166.0,RACHEL
367488370,2023-01-01T05:44:54,36.37250,-75.59466,165.0,RACHEL
367488370,2023-01-01T05:45:56,36.37064,-75.59413,165.0,RACHEL
367488370,2023-01-01T05:47:00,36.36871,-75.59357,166.0,RACHEL
367488370,2023-01-01T05:48:01,36.36690,-75.59310,166.0,RACHEL
367488370,2023-01-01T05:49:03,36.36505,-75.59265,165.0,RACHEL
367488370,2023-01-01T05:50:06,36.36312,-75.59211,166.0,RACHEL
367488370,2023-01-01T05:51:14,36.36110,-75.59159,166.0,RACHEL
367488370,2023-01-01T05:52:17,36.35917,-75.59106,166.0,RACHEL
367488370,2023-01-01T05:53:20,36.35727,-75.59057,167.0,RACHEL
367488370,2023-01-01T05:54:22,36.35538,-75.59010,166.0,RACHEL
367488370,2023-01-01T05:55:23,36.35351,-75.58964,165.0,RACHEL
367488370,2023-01-01T05:56:27,36.35155,-75.58915,166.0,RACHEL
367488370,2023-01-01T05:57:30,36.34962,-75.58863,165.0,RACHEL
367488370,2023-01-01T05:58:34,36.34770,-75.58814,165.0,RACHEL
367488370,2023-01-01T05:59:37,36.34578,-75.58764,166.0,RACHEL
367488370,2023-01-01T05:59:59,36.34509,-75.58747,164.0,RACHEL
367488370,2023-01-01T06:01:20,36.34264,-75.58688,166.0,RACHEL
367488370,2023-01-01T06:02:23,36.34073,-75.58639,167.0,RACHEL
367488370,2023-01-01T06:03:26,36.33875,-75.58591,166.0,RACHEL
367488370,2023-01-01T06:04:27,36.33687,-75.58549,167.0,RACHEL
367488370,2023-01-01T06:05:31,36.33487,-75.58502,166.0,RACHEL
367488370,2023-01-01T06:06:32,36.33306,-75.58461,165.0,RACHEL
367488370,2023-01-01T06:07:33,36.33119,-75.58418,166.0,RACHEL
367488370,2023-01-01T06:08:36,36.32930,-75.58379,167.0,RACHEL
367488370,2023-01-01T06:09:37,36.32740,-75.58338,165.0,RACHEL
367488370,2023-01-01T06:10:40,36.32546,-75.58292,165.0,RACHEL
367488370,2023-01-01T06:11:43,36.32356,-75.58244,165.0,RACHEL
367488370,2023-01-01T06:12:46,36.32162,-75.58197,161.0,RACHEL
367488370,2023-01-01T06:13:47,36.31976,-75.58140,163.0,RACHEL
367488370,2023-01-01T06:14:50,36.31783,-75.58078,163.0,RACHEL
367488370,2023-01-01T06:15:51,36.31596,-75.58017,161.0,RACHEL
367488370,2023-01-01T06:16:53,36.31402,-75.57955,161.0,RACHEL
367488370,2023-01-01T06:17:58,36.31208,-75.57889,160.0,RACHEL
367488370,2023-01-01T06:19:01,36.31016,-75.57827,163.0,RACHEL
367488370,2023-01-01T06:20:05,36.30821,-75.57765,161.0,RACHEL
367488370,2023-01-01T06:21:06,36.30631,-75.57699,161.0,RACHEL
367488370,2023-01-01T06:22:09,36.30443,-75.57636,161.0,RACHEL
367488370,2023-01-01T06:23:11,36.30249,-75.57576,162.0,RACHEL
367488370,2023-01-01T06:24:12,36.30060,-75.57509,159.0,RACHEL
367488370,2023-01-01T06:25:14,36.29872,-75.57439,160.0,RACHEL
367488370,2023-01-01T06:26:17,36.29685,-75.57368,157.0,RACHEL
367488370,2023-01-01T06:27:18,36.29501,-75.57299,158.0,RACHEL
367488370,2023-01-01T06:28:20,36.29312,-75.57228,160.0,RACHEL
367488370,2023-01-01T06:29:26,36.29108,-75.57152,158.0,RACHEL
367488370,2023-01-01T06:30:30,36.28912,-75.57080,159.0,RACHEL
367488370,2023-01-01T06:31:33,36.28715,-75.57011,160.0,RACHEL
367488370,2023-01-01T06:32:36,36.28518,-75.56939,159.0,RACHEL
367488370,2023-01-01T06:33:40,36.28321,-75.56869,160.0,RACHEL
367488370,2023-01-01T06:34:47,36.28115,-75.56796,160.0,RACHEL
367488370,2023-01-01T06:35:49,36.27919,-75.56725,159.0,RACHEL
367488370,2023-01-01T06:36:53,36.27725,-75.56655,159.0,RACHEL
367488370,2023-01-01T06:37:56,36.27526,-75.56585,160.0,RACHEL
367488370,2023-01-01T06:38:59,36.27327,-75.56519,160.0,RACHEL
367488370,2023-01-01T06:40:00,36.27137,-75.56454,160.0,RACHEL
367488370,2023-01-01T06:41:01,36.26948,-75.56387,158.0,RACHEL
367488370,2023-01-01T06:42:04,36.26751,-75.56315,159.0,RACHEL
367488370,2023-01-01T06:43:06,36.26555,-75.56249,159.0,RACHEL
367488370,2023-01-01T06:44:07,36.26369,-75.56186,160.0,RACHEL
367488370,2023-01-01T06:45:09,36.26179,-75.56119,159.0,RACHEL
367488370,2023-01-01T06:46:11,36.25989,-75.56053,157.0,RACHEL
367488370,2023-01-01T06:47:12,36.25803,-75.55980,160.0,RACHEL
367488370,2023-01-01T06:48:13,36.25611,-75.55910,160.0,RACHEL
367488370,2023-01-01T06:49:14,36.25424,-75.55840,161.0,RACHEL
367488370,2023-01-01T06:50:16,36.25232,-75.55772,160.0,RACHEL
367488370,2023-01-01T06:51:17,36.25046,-75.55700,160.0,RACHEL
367488370,2023-01-01T06:52:18,36.24857,-75.55627,159.0,RACHEL
367488370,2023-01-01T06:53:20,36.24664,-75.55562,162.0,RACHEL
367488370,2023-01-01T06:54:21,36.24472,-75.55500,161.0,RACHEL
367488370,2023-01-01T06:55:22,36.24282,-75.55440,163.0,RACHEL
367488370,2023-01-01T06:56:23,36.24095,-75.55375,163.0,RACHEL
367488370,2023-01-01T06:57:27,36.23901,-75.55306,161.0,RACHEL
367488370,2023-01-01T06:58:30,36.23707,-75.55231,161.0,RACHEL
367488370,2023-01-01T06:59:34,36.23512,-75.55156,161.0,RACHEL
367488370,2023-01-01T07:00:00,36.23431,-75.55125,163.0,RACHEL
367488370,2023-01-01T07:01:01,36.23246,-75.55056,161.0,RACHEL
367488370,2023-01-01T07:02:02,36.23063,-75.54988,161.0,RACHEL
367488370,2023-01-01T07:03:03,36.22875,-75.54921,163.0,RACHEL
367488370,2023-01-01T07:04:07,36.22684,-75.54849,161.0,RACHEL
367488370,2023-01-01T07:05:10,36.22490,-75.54786,163.0,RACHEL
367488370,2023-01-01T07:06:11,36.22303,-75.54722,163.0,RACHEL
367488370,2023-01-01T07:07:12,36.22118,-75.54663,162.0,RACHEL
367488370,2023-01-01T07:08:13,36.21930,-75.54600,163.0,RACHEL
367488370,2023-01-01T07:09:14,36.21746,-75.54543,164.0,RACHEL
367488370,2023-01-01T07:10:17,36.21551,-75.54481,162.0,RACHEL
367488370,2023-01-01T07:11:19,36.21359,-75.54422,163.0,RACHEL
367488370,2023-01-01T07:12:20,36.21171,-75.54363,163.0,RACHEL
367488370,2023-01-01T07:13:23,36.20974,-75.54303,162.0,RACHEL
367488370,2023-01-01T07:14:24,36.20784,-75.54245,163.0,RACHEL
367488370,2023-01-01T07:15:26,36.20589,-75.54186,162.0,RACHEL
367488370,2023-01-01T07:16:29,36.20393,-75.54125,162.0,RACHEL
367488370,2023-01-01T07:17:32,36.20195,-75.54067,163.0,RACHEL
367488370,2023-01-01T07:18:35,36.19997,-75.54009,162.0,RACHEL
367488370,2023-01-01T07:19:41,36.19791,-75.53950,164.0,RACHEL
367488370,2023-01-01T07:20:42,36.19599,-75.53896,165.0,RACHEL
367488370,2023-01-01T07:21:47,36.19394,-75.53837,164.0,RACHEL
367488370,2023-01-01T07:22:49,36.19199,-75.53782,163.0,RACHEL
367488370,2023-01-01T07:23:51,36.19003,-75.53726,162.0,RACHEL
367488370,2023-01-01T07:24:53,36.18808,-75.53671,162.0,RACHEL
367488370,2023-01-01T07:25:56,36.18611,-75.53615,163.0,RACHEL
367488370,2023-01-01T07:26:59,36.18409,-75.53557,164.0,RACHEL
367488370,2023-01-01T07:28:00,36.18218,-75.53503,163.0,RACHEL
367488370,2023-01-01T07:29:01,36.18024,-75.53445,164.0,RACHEL
367488370,2023-01-01T07:30:10,36.17808,-75.53379,163.0,RACHEL
367488370,2023-01-01T07:31:11,36.17616,-75.53324,165.0,RACHEL
367488370,2023-01-01T07:32:12,36.17424,-75.53267,163.0,RACHEL
367488370,2023-01-01T07:33:15,36.17228,-75.53204,162.0,RACHEL
367488370,2023-01-01T07:34:16,36.17030,-75.53145,164.0,RACHEL
367488370,2023-01-01T07:35:18,36.16834,-75.53090,164.0,RACHEL
367488370,2023-01-01T07:36:19,36.16640,-75.53030,162.0,RACHEL
367488370,2023-01-01T07:37:20,36.16447,-75.52971,163.0,RACHEL
367488370,2023-01-01T07:38:23,36.16247,-75.52909,163.0,RACHEL
367488370,2023-01-01T07:39:24,36.16050,-75.52850,164.0,RACHEL
367488370,2023-01-01T07:40:28,36.15846,-75.52786,163.0,RACHEL
367488370,2023-01-01T07:41:30,36.15649,-75.52722,163.0,RACHEL
367488370,2023-01-01T07:42:33,36.15445,-75.52657,163.0,RACHEL
367488370,2023-01-01T07:43:36,36.15241,-75.52589,164.0,RACHEL
367488370,2023-01-01T07:44:37,36.15043,-75.52527,163.0,RACHEL
367488370,2023-01-01T07:45:55,36.14792,-75.52451,163.0,RACHEL
367488370,2023-01-01T07:46:57,36.14590,-75.52389,164.0,RACHEL
367488370,2023-01-01T07:47:59,36.14393,-75.52325,163.0,RACHEL
367488370,2023-01-01T07:49:02,36.14190,-75.52258,162.0,RACHEL
367488370,2023-01-01T07:50:03,36.13994,-75.52191,162.0,RACHEL
367488370,2023-01-01T07:51:04,36.13798,-75.52125,164.0,RACHEL
367488370,2023-01-01T07:52:11,36.13583,-75.52057,163.0,RACHEL
367488370,2023-01-01T07:53:12,36.13387,-75.51994,164.0,RACHEL
367488370,2023-01-01T07:54:14,36.13189,-75.51928,164.0,RACHEL
367488370,2023-01-01T07:55:16,36.12988,-75.51858,163.0,RACHEL
367488370,2023-01-01T07:56:18,36.12783,-75.51785,162.0,RACHEL
367488370,2023-01-01T07:57:19,36.12584,-75.51715,163.0,RACHEL
367488370,2023-01-01T07:58:20,36.12382,-75.51651,166.0,RACHEL
367488370,2023-01-01T07:59:24,36.12174,-75.51581,165.0,RACHEL
367488370,2023-01-01T08:00:00,36.12051,-75.51543,164.0,RACHEL
367488370,2023-01-01T08:01:04,36.11845,-75.51477,164.0,RACHEL
367488370,2023-01-01T08:02:06,36.11646,-75.51410,164.0,RACHEL
367488370,2023-01-01T08:03:07,36.11451,-75.51343,165.0,RACHEL
367488370,2023-01-01T08:04:09,36.11248,-75.51274,166.0,RACHEL
367488370,2023-01-01T08:05:11,36.11042,-75.51204,165.0,RACHEL
367488370,2023-01-01T08:06:12,36.10843,-75.51137,164.0,RACHEL
367488370,2023-01-01T08:07:13,36.10641,-75.51068,163.0,RACHEL
367488370,2023-01-01T08:08:16,36.10437,-75.51000,164.0,RACHEL
367488370,2023-01-01T08:09:17,36.10238,-75.50936,164.0,RACHEL
367488370,2023-01-01T08:10:18,36.10037,-75.50871,165.0,RACHEL
367488370,2023-01-01T08:11:22,36.09827,-75.50805,166.0,RACHEL
367488370,2023-01-01T08:12:23,36.09625,-75.50742,165.0,RACHEL
367488370,2023-01-01T08:13:27,36.09414,-75.50672,165.0,RACHEL
367488370,2023-01-01T08:14:30,36.09207,-75.50606,164.0,RACHEL
367488370,2023-01-01T08:15:35,36.09001,-75.50544,164.0,RACHEL
367488370,2023-01-01T08:16:40,36.08793,-75.50479,167.0,RACHEL
367488370,2023-01-01T08:17:44,36.08586,-75.50421,166.0,RACHEL
367488370,2023-01-01T08:18:45,36.08387,-75.50362,166.0,RACHEL
367488370,2023-01-01T08:19:49,36.08183,-75.50298,164.0,RACHEL
367488370,2023-01-01T08:20:53,36.07980,-75.50235,165.0,RACHEL
367488370,2023-01-01T08:21:59,36.07767,-75.50172,165.0,RACHEL
367488370,2023-01-01T08:23:01,36.07568,-75.50113,164.0,RACHEL
367488370,2023-01-01T08:24:04,36.07364,-75.50052,165.0,RACHEL
367488370,2023-01-01T08:25:05,36.07170,-75.49993,164.0,RACHEL
367488370,2023-01-01T08:26:06,36.06979,-75.49933,162.0,RACHEL
367488370,2023-01-01T08:27:10,36.06774,-75.49866,165.0,RACHEL
367488370,2023-01-01T08:28:11,36.06577,-75.49808,164.0,RACHEL
367488370,2023-01-01T08:29:13,36.06376,-75.49746,165.0,RACHEL
367488370,2023-01-01T08:30:14,36.06177,-75.49689,165.0,RACHEL
367488370,2023-01-01T08:31:19,36.05966,-75.49623,161.0,RACHEL
367488370,2023-01-01T08:32:22,36.05765,-75.49549,160.0,RACHEL
367488370,2023-01-01T08:33:23,36.05571,-75.49476,160.0,RACHEL
367488370,2023-01-01T08:34:26,36.05367,-75.49401,161.0,RACHEL
367488370,2023-01-01T08:35:30,36.05161,-75.49321,157.0,RACHEL
367488370,2023-01-01T08:36:32,36.04961,-75.49235,157.0,RACHEL
367488370,2023-01-01T08:37:33,36.04768,-75.49146,159.0,RACHEL
367488370,2023-01-01T08:38:34,36.04576,-75.49058,156.0,RACHEL
367488370,2023-01-01T08:39:36,36.04381,-75.48964,158.0,RACHEL
367488370,2023-01-01T08:40:40,36.04178,-75.48868,156.0,RACHEL
367488370,2023-01-01T08:41:42,36.03987,-75.48775,158.0,RACHEL
367488370,2023-01-01T08:42:43,36.03795,-75.48682,157.0,RACHEL
367488370,2023-01-01T08:43:45,36.03601,-75.48580,157.0,RACHEL
367488370,2023-01-01T08:44:46,36.03408,-75.48483,157.0,RACHEL
367488370,2023-01-01T08:45:47,36.03214,-75.48389,158.0,RACHEL
367488370,2023-01-01T08:46:48,36.03021,-75.48295,156.0,RACHEL
367488370,2023-01-01T08:47:49,36.02830,-75.48199,158.0,RACHEL
367488370,2023-01-01T08:48:52,36.02629,-75.48101,158.0,RACHEL
367488370,2023-01-01T08:49:53,36.02440,-75.48011,157.0,RACHEL
367488370,2023-01-01T08:50:54,36.02249,-75.47918,157.0,RACHEL
367488370,2023-01-01T08:51:56,36.02056,-75.47826,156.0,RACHEL
367488370,2023-01-01T08:52:57,36.01866,-75.47731,157.0,RACHEL
367488370,2023-01-01T08:53:59,36.01671,-75.47637,158.0,RACHEL
367488370,2023-01-01T08:55:08,36.01454,-75.47533,158.0,RACHEL
367488370,2023-01-01T08:56:09,36.01259,-75.47442,158.0,RACHEL
367488370,2023-01-01T08:57:14,36.01053,-75.47347,158.0,RACHEL
367488370,2023-01-01T08:58:17,36.00852,-75.47255,158.0,RACHEL
367488370,2023-01-01T08:59:20,36.00655,-75.47164,156.0,RACHEL
367488370,2023-01-01T09:00:03,36.00518,-75.47098,158.0,RACHEL
367488370,2023-01-01T09:01:11,36.00300,-75.47000,158.0,RACHEL
367488370,2023-01-01T09:02:14,36.00097,-75.46907,157.0,RACHEL
367488370,2023-01-01T09:03:15,35.99901,-75.46816,157.0,RACHEL
367488370,2023-01-01T09:04:16,35.99704,-75.46728,156.0,RACHEL
367488370,2023-01-01T09:05:18,35.99505,-75.46637,159.0,RACHEL
367488370,2023-01-01T09:06:22,35.99300,-75.46545,159.0,RACHEL
367488370,2023-01-01T09:07:24,35.99100,-75.46455,158.0,RACHEL
367488370,2023-01-01T09:08:27,35.98902,-75.46353,155.0,RACHEL
367488370,2023-01-01T09:09:29,35.98707,-75.46250,155.0,RACHEL
367488370,2023-01-01T09:10:31,35.98510,-75.46146,155.0,RACHEL
367488370,2023-01-01T09:11:34,35.98311,-75.46041,155.0,RACHEL
367488370,2023-01-01T09:12:36,35.98119,-75.45928,153.0,RACHEL
367488370,2023-01-01T09:13:37,35.97931,-75.45820,152.0,RACHEL
367488370,2023-01-01T09:14:41,35.97731,-75.45706,152.0,RACHEL
367488370,2023-01-01T09:15:42,35.97544,-75.45594,152.0,RACHEL
367488370,2023-01-01T09:16:44,35.97352,-75.45481,152.0,RACHEL
367488370,2023-01-01T09:17:45,35.97162,-75.45373,151.0,RACHEL
367488370,2023-01-01T09:18:47,35.96968,-75.45262,153.0,RACHEL
367488370,2023-01-01T09:19:49,35.96775,-75.45158,154.0,RACHEL
367488370,2023-01-01T09:20:52,35.96578,-75.45050,152.0,RACHEL
367488370,2023-01-01T09:21:53,35.96392,-75.44941,152.0,RACHEL
367488370,2023-01-01T09:22:56,35.96198,-75.44828,154.0,RACHEL
367488370,2023-01-01T09:23:57,35.96010,-75.44722,153.0,RACHEL
367488370,2023-01-01T09:24:58,35.95821,-75.44614,152.0,RACHEL
367488370,2023-01-01T09:26:01,35.95627,-75.44502,153.0,RACHEL
367488370,2023-01-01T09:27:03,35.95429,-75.44425,168.0,RACHEL
367488370,2023-01-01T09:28:10,35.95199,-75.44392,179.0,RACHEL
367488370,2023-01-01T09:29:14,35.94980,-75.44388,178.0,RACHEL
367488370,2023-01-01T09:30:16,35.94773,-75.44389,180.0,RACHEL
367488370,2023-01-01T09:31:17,35.94574,-75.44362,164.0,RACHEL
367488370,2023-01-01T09:32:19,35.94367,-75.44299,165.0,RACHEL
367488370,2023-01-01T09:33:20,35.94166,-75.44239,165.0,RACHEL
367488370,2023-01-01T09:34:22,35.93961,-75.44179,166.0,RACHEL
367488370,2023-01-01T09:35:25,35.93757,-75.44122,165.0,RACHEL
367488370,2023-01-01T09:36:29,35.93542,-75.44059,167.0,RACHEL
367488370,2023-01-01T09:37:30,35.93338,-75.44001,166.0,RACHEL
367488370,2023-01-01T09:38:36,35.93118,-75.43938,166.0,RACHEL
367488370,2023-01-01T09:39:41,35.92907,-75.43878,166.0,RACHEL
367488370,2023-01-01T09:40:42,35.92701,-75.43818,166.0,RACHEL
367488370,2023-01-01T09:41:44,35.92493,-75.43760,166.0,RACHEL
367488370,2023-01-01T09:42:45,35.92287,-75.43701,165.0,RACHEL
367488370,2023-01-01T09:43:46,35.92088,-75.43640,165.0,RACHEL
367488370,2023-01-01T09:44:48,35.91883,-75.43579,164.0,RACHEL
367488370,2023-01-01T09:45:49,35.91680,-75.43518,164.0,RACHEL
367488370,2023-01-01T09:46:52,35.91468,-75.43457,165.0,RACHEL
367488370,2023-01-01T09:47:53,35.91262,-75.43397,165.0,RACHEL
367488370,2023-01-01T09:49:04,35.91021,-75.43332,164.0,RACHEL
367488370,2023-01-01T09:50:05,35.90816,-75.43271,166.0,RACHEL
367488370,2023-01-01T09:51:08,35.90603,-75.43211,164.0,RACHEL
367488370,2023-01-01T09:52:10,35.90394,-75.43153,165.0,RACHEL
367488370,2023-01-01T09:53:16,35.90165,-75.43089,164.0,RACHEL
367488370,2023-01-01T09:54:18,35.89955,-75.43030,165.0,RACHEL
367488370,2023-01-01T09:55:19,35.89750,-75.42969,161.0,RACHEL
367488370,2023-01-01T09:56:21,35.89545,-75.42900,162.0,RACHEL
367488370,2023-01-01T09:57:25,35.89333,-75.42831,162.0,RACHEL
367488370,2023-01-01T09:58:26,35.89130,-75.42762,163.0,RACHEL
367488370,2023-01-01T09:59:30,35.88916,-75.42694,163.0,RACHEL
367488370,2023-01-01T10:00:02,35.88809,-75.42660,162.0,RACHEL
367488370,2023-01-01T10:01:05,35.88598,-75.42593,161.0,RACHEL
367488370,2023-01-01T10:02:06,35.88395,-75.42525,162.0,RACHEL
367488370,2023-01-01T10:03:07,35.88195,-75.42455,161.0,RACHEL
367488370,2023-01-01T10:04:10,35.87986,-75.42383,162.0,RACHEL
367488370,2023-01-01T10:05:11,35.87778,-75.42316,162.0,RACHEL
367488370,2023-01-01T10:06:13,35.87572,-75.42252,160.0,RACHEL
367488370,2023-01-01T10:07:26,35.87329,-75.42170,161.0,RACHEL
367488370,2023-01-01T10:08:30,35.87116,-75.42096,161.0,RACHEL
367488370,2023-01-01T10:09:32,35.86911,-75.42024,163.0,RACHEL
367488370,2023-01-01T10:10:34,35.86705,-75.41958,164.0,RACHEL
367488370,2023-01-01T10:11:35,35.86505,-75.41894,164.0,RACHEL
367488370,2023-01-01T10:12:39,35.86293,-75.41826,162.0,RACHEL
367488370,2023-01-01T10:13:42,35.86086,-75.41755,163.0,RACHEL
367488370,2023-01-01T10:14:43,35.85885,-75.41688,163.0,RACHEL
367488370,2023-01-01T10:15:46,35.85679,-75.41611,161.0,RACHEL
367488370,2023-01-01T10:16:47,35.85488,-75.41530,162.0,RACHEL
367488370,2023-01-01T10:17:50,35.85278,-75.41450,164.0,RACHEL
367488370,2023-01-01T10:18:53,35.85075,-75.41370,162.0,RACHEL
367488370,2023-01-01T10:19:54,35.84871,-75.41291,163.0,RACHEL
367488370,2023-01-01T10:20:55,35.84667,-75.41211,162.0,RACHEL
367488370,2023-01-01T10:21:59,35.84455,-75.41126,162.0,RACHEL
367488370,2023-01-01T10:23:04,35.84242,-75.41042,169.0,RACHEL
367488370,2023-01-01T10:24:07,35.84029,-75.40982,169.0,RACHEL
367488370,2023-01-01T10:25:08,35.83823,-75.40923,168.0,RACHEL
367488370,2023-01-01T10:26:09,35.83614,-75.40867,169.0,RACHEL
367488370,2023-01-01T10:27:12,35.83401,-75.40808,168.0,RACHEL
367488370,2023-01-01T10:28:13,35.83190,-75.40751,168.0,RACHEL
367488370,2023-01-01T10:29:14,35.82979,-75.40694,166.0,RACHEL
367488370,2023-01-01T10:30:15,35.82770,-75.40636,169.0,RACHEL
367488370,2023-01-01T10:31:16,35.82554,-75.40581,169.0,RACHEL
367488370,2023-01-01T10:32:17,35.82343,-75.40522,168.0,RACHEL
367488370,2023-01-01T10:33:19,35.82128,-75.40460,167.0,RACHEL
367488370,2023-01-01T10:34:21,35.81912,-75.40402,168.0,RACHEL
367488370,2023-01-01T10:35:24,35.81689,-75.40343,168.0,RACHEL
367488370,2023-01-01T10:36:25,35.81473,-75.40292,174.0,RACHEL
367488370,2023-01-01T10:37:26,35.81260,-75.40251,172.0,RACHEL
367488370,2023-01-01T10:38:28,35.81046,-75.40211,173.0,RACHEL
367488370,2023-01-01T10:39:29,35.80827,-75.40170,173.0,RACHEL
367488370,2023-01-01T10:40:30,35.80614,-75.40128,172.0,RACHEL
367488370,2023-01-01T10:41:35,35.80386,-75.40087,172.0,RACHEL
367488370,2023-01-01T10:42:37,35.80171,-75.40048,173.0,RACHEL
367488370,2023-01-01T10:43:39,35.79947,-75.40009,172.0,RACHEL
367488370,2023-01-01T10:44:42,35.79727,-75.39968,173.0,RACHEL
367488370,2023-01-01T10:45:44,35.79515,-75.39928,174.0,RACHEL
367488370,2023-01-01T10:46:47,35.79286,-75.39900,175.0,RACHEL
367488370,2023-01-01T10:47:50,35.79064,-75.39876,177.0,RACHEL
367488370,2023-01-01T10:48:51,35.78851,-75.39858,177.0,RACHEL
367488370,2023-01-01T10:49:54,35.78632,-75.39839,177.0,RACHEL
367488370,2023-01-01T10:50:56,35.78418,-75.39818,178.0,RACHEL
367488370,2023-01-01T10:52:00,35.78196,-75.39799,176.0,RACHEL
367488370,2023-01-01T10:53:04,35.77973,-75.39783,176.0,RACHEL
367488370,2023-01-01T10:54:05,35.77760,-75.39763,177.0,RACHEL
367488370,2023-01-01T10:55:07,35.77542,-75.39747,176.0,RACHEL
367488370,2023-01-01T10:56:09,35.77321,-75.39732,179.0,RACHEL
367488370,2023-01-01T10:57:10,35.77106,-75.39718,176.0,RACHEL
367488370,2023-01-01T10:58:12,35.76886,-75.39705,177.0,RACHEL
367488370,2023-01-01T10:59:13,35.76668,-75.39690,177.0,RACHEL
367488370,2023-01-01T11:00:01,35.76496,-75.39679,178.0,RACHEL
367488370,2023-01-01T11:01:02,35.76274,-75.39666,179.0,RACHEL
367488370,2023-01-01T11:02:04,35.76051,-75.39654,177.0,RACHEL
367488370,2023-01-01T11:03:10,35.75816,-75.39634,176.0,RACHEL
367488370,2023-01-01T11:04:12,35.75597,-75.39615,175.0,RACHEL
367488370,2023-01-01T11:05:13,35.75382,-75.39586,175.0,RACHEL
367488370,2023-01-01T11:06:15,35.75160,-75.39561,175.0,RACHEL
367488370,2023-01-01T11:07:16,35.74943,-75.39535,175.0,RACHEL
367488370,2023-01-01T11:08:18,35.74723,-75.39510,174.0,RACHEL
367488370,2023-01-01T11:09:20,35.74505,-75.39485,175.0,RACHEL
367488370,2023-01-01T11:10:26,35.74270,-75.39455,175.0,RACHEL
367488370,2023-01-01T11:11:27,35.74053,-75.39428,174.0,RACHEL
367488370,2023-01-01T11:12:30,35.73827,-75.39406,174.0,RACHEL
367488370,2023-01-01T11:13:40,35.73579,-75.39380,176.0,RACHEL
367488370,2023-01-01T11:14:45,35.73352,-75.39357,176.0,RACHEL
367488370,2023-01-01T11:15:47,35.73130,-75.39332,174.0,RACHEL
367488370,2023-01-01T11:16:49,35.72916,-75.39311,177.0,RACHEL
367488370,2023-01-01T11:17:50,35.72698,-75.39286,175.0,RACHEL
367488370,2023-01-01T11:18:51,35.72480,-75.39265,176.0,RACHEL
367488370,2023-01-01T11:19:53,35.72257,-75.39240,175.0,RACHEL
367488370,2023-01-01T11:20:54,35.72039,-75.39219,176.0,RACHEL
367488370,2023-01-01T11:21:56,35.71813,-75.39197,174.0,RACHEL
367488370,2023-01-01T11:22:59,35.71584,-75.39175,175.0,RACHEL
367488370,2023-01-01T11:24:01,35.71360,-75.39153,177.0,RACHEL
367488370,2023-01-01T11:25:04,35.71137,-75.39106,167.0,RACHEL
367488370,2023-01-01T11:26:06,35.70921,-75.39036,164.0,RACHEL
367488370,2023-01-01T11:27:07,35.70711,-75.38968,164.0,RACHEL
367488370,2023-01-01T11:28:09,35.70492,-75.38900,166.0,RACHEL
367488370,2023-01-01T11:29:10,35.70276,-75.38839,164.0,RACHEL
367488370,2023-01-01T11:30:15,35.70047,-75.38772,165.0,RACHEL
367488370,2023-01-01T11:31:16,35.69834,-75.38705,163.0,RACHEL
367488370,2023-01-01T11:32:18,35.69623,-75.38638,165.0,RACHEL
367488370,2023-01-01T11:33:21,35.69405,-75.38571,164.0,RACHEL
367488370,2023-01-01T11:34:25,35.69184,-75.38503,164.0,RACHEL
367488370,2023-01-01T11:35:26,35.68979,-75.38437,164.0,RACHEL
367488370,2023-01-01T11:36:29,35.68762,-75.38364,162.0,RACHEL
367488370,2023-01-01T11:37:38,35.68532,-75.38286,162.0,RACHEL
367488370,2023-01-01T11:38:44,35.68299,-75.38210,164.0,RACHEL
367488370,2023-01-01T11:39:45,35.68088,-75.38139,163.0,RACHEL
367488370,2023-01-01T11:40:46,35.67877,-75.38073,165.0,RACHEL
367488370,2023-01-01T11:41:47,35.67672,-75.38010,163.0,RACHEL
367488370,2023-01-01T11:42:48,35.67465,-75.37943,164.0,RACHEL
367488370,2023-01-01T11:43:50,35.67249,-75.37875,164.0,RACHEL
367488370,2023-01-01T11:44:52,35.67040,-75.37810,164.0,RACHEL
367488370,2023-01-01T11:45:57,35.66816,-75.37740,164.0,RACHEL
367488370,2023-01-01T11:47:00,35.66600,-75.37671,164.0,RACHEL
367488370,2023-01-01T11:48:03,35.66385,-75.37601,162.0,RACHEL
367488370,2023-01-01T11:49:05,35.66170,-75.37533,163.0,RACHEL
367488370,2023-01-01T11:50:07,35.65955,-75.37462,163.0,RACHEL
367488370,2023-01-01T11:51:10,35.65729,-75.37393,165.0,RACHEL
367488370,2023-01-01T11:52:12,35.65519,-75.37325,161.0,RACHEL
367488370,2023-01-01T11:53:13,35.65307,-75.37248,163.0,RACHEL
367488370,2023-01-01T11:54:17,35.65085,-75.37170,161.0,RACHEL
367488370,2023-01-01T11:55:18,35.64877,-75.37091,160.0,RACHEL
367488370,2023-01-01T11:56:22,35.64658,-75.37007,161.0,RACHEL
367488370,2023-01-01T11:57:24,35.64450,-75.36930,159.0,RACHEL
367488370,2023-01-01T11:58:25,35.64239,-75.36846,161.0,RACHEL
367488370,2023-01-01T11:59:27,35.64028,-75.36762,161.0,RACHEL
367488370,2023-01-01T11:59:59,35.63919,-75.36722,161.0,RACHEL
367488370,2023-01-01T12:01:03,35.63701,-75.36636,160.0,RACHEL
367488370,2023-01-01T12:02:07,35.63481,-75.36555,162.0,RACHEL
367488370,2023-01-01T12:03:11,35.63262,-75.36474,162.0,RACHEL
367488370,2023-01-01T12:04:14,35.63054,-75.36396,162.0,RACHEL
367488370,2023-01-01T12:05:15,35.62846,-75.36321,161.0,RACHEL
367488370,2023-01-01T12:06:17,35.62635,-75.36244,161.0,RACHEL
367488370,2023-01-01T12:07:22,35.62414,-75.36159,163.0,RACHEL
367488370,2023-01-01T12:08:23,35.62205,-75.36085,162.0,RACHEL
367488370,2023-01-01T12:09:25,35.61991,-75.36002,161.0,RACHEL
367488370,2023-01-01T12:10:27,35.61784,-75.35920,159.0,RACHEL
367488370,2023-01-01T12:11:33,35.61556,-75.35838,169.0,RACHEL
367488370,2023-01-01T12:12:36,35.61341,-75.35792,168.0,RACHEL
367488370,2023-01-01T12:13:37,35.61134,-75.35750,171.0,RACHEL
367488370,2023-01-01T12:14:42,35.60902,-75.35706,172.0,RACHEL
367488370,2023-01-01T12:15:47,35.60669,-75.35662,172.0,RACHEL
367488370,2023-01-01T12:16:49,35.60452,-75.35618,170.0,RACHEL
367488370,2023-01-01T12:17:54,35.60217,-75.35566,171.0,RACHEL
367488370,2023-01-01T12:18:55,35.60003,-75.35521,172.0,RACHEL
367488370,2023-01-01T12:20:01,35.59768,-75.35474,170.0,RACHEL
367488370,2023-01-01T12:21:04,35.59548,-75.35435,174.0,RACHEL
367488370,2023-01-01T12:22:05,35.59327,-75.35408,174.0,RACHEL
367488370,2023-01-01T12:23:07,35.59109,-75.35382,173.0,RACHEL
367488370,2023-01-01T12:24:09,35.58884,-75.35355,174.0,RACHEL
367488370,2023-01-01T12:25:13,35.58655,-75.35327,172.0,RACHEL
367488370,2023-01-01T12:26:14,35.58445,-75.35296,173.0,RACHEL
367488370,2023-01-01T12:27:16,35.58222,-75.35263,174.0,RACHEL
367488370,2023-01-01T12:28:17,35.58005,-75.35233,173.0,RACHEL
367488370,2023-01-01T12:29:20,35.57777,-75.35208,175.0,RACHEL
367488370,2023-01-01T12:30:26,35.57542,-75.35181,174.0,RACHEL
367488370,2023-01-01T12:31:27,35.57325,-75.35154,175.0,RACHEL
367488370,2023-01-01T12:32:28,35.57112,-75.35131,172.0,RACHEL
367488370,2023-01-01T12:33:29,35.56895,-75.35100,172.0,RACHEL
367488370,2023-01-01T12:34:30,35.56676,-75.35069,173.0,RACHEL
367488370,2023-01-01T12:35:31,35.56456,-75.35042,173.0,RACHEL
367488370,2023-01-01T12:36:34,35.56226,-75.35015,174.0,RACHEL
367488370,2023-01-01T12:37:36,35.56001,-75.34989,172.0,RACHEL
367488370,2023-01-01T12:38:37,35.55786,-75.34967,172.0,RACHEL
367488370,2023-01-01T12:39:38,35.55573,-75.34944,173.0,RACHEL
367488370,2023-01-01T12:40:39,35.55355,-75.34914,173.0,RACHEL
367488370,2023-01-01T12:41:40,35.55135,-75.34889,173.0,RACHEL
367488370,2023-01-01T12:42:41,35.54911,-75.34864,172.0,RACHEL
367488370,2023-01-01T12:43:47,35.54680,-75.34830,171.0,RACHEL
367488370,2023-01-01T12:44:55,35.54434,-75.34796,171.0,RACHEL
367488370,2023-01-01T12:46:00,35.54205,-75.34757,170.0,RACHEL
367488370,2023-01-01T12:47:07,35.53959,-75.34716,170.0,RACHEL
367488370,2023-01-01T12:48:16,35.53711,-75.34680,172.0,RACHEL
367488370,2023-01-01T12:49:19,35.53484,-75.34652,172.0,RACHEL
367488370,2023-01-01T12:50:20,35.53265,-75.34622,170.0,RACHEL
367488370,2023-01-01T12:51:22,35.53041,-75.34585,170.0,RACHEL
367488370,2023-01-01T12:52:23,35.52826,-75.34552,171.0,RACHEL
367488370,2023-01-01T12:53:25,35.52599,-75.34518,170.0,RACHEL
367488370,2023-01-01T12:54:26,35.52385,-75.34483,171.0,RACHEL
367488370,2023-01-01T12:55:29,35.52157,-75.34450,171.0,RACHEL
367488370,2023-01-01T12:56:32,35.51934,-75.34417,171.0,RACHEL
367488370,2023-01-01T12:57:34,35.51719,-75.34381,170.0,RACHEL
367488370,2023-01-01T12:58:37,35.51493,-75.34340,171.0,RACHEL
367488370,2023-01-01T12:59:40,35.51267,-75.34301,170.0,RACHEL
367488370,2023-01-01T13:00:06,35.51174,-75.34286,172.0,RACHEL
367488370,2023-01-01T13:01:09,35.50946,-75.34252,170.0,RACHEL
367488370,2023-01-01T13:02:12,35.50717,-75.34221,172.0,RACHEL
367488370,2023-01-01T13:03:13,35.50509,-75.34188,171.0,RACHEL
367488370,2023-01-01T13:04:20,35.50277,-75.34153,170.0,RACHEL
367488370,2023-01-01T13:05:30,35.50030,-75.34109,170.0,RACHEL
367488370,2023-01-01T13:06:33,35.49809,-75.34076,170.0,RACHEL
367488370,2023-01-01T13:07:37,35.49579,-75.34041,171.0,RACHEL
367488370,2023-01-01T13:08:40,35.49357,-75.34008,171.0,RACHEL
367488370,2023-01-01T13:09:42,35.49136,-75.33976,172.0,RACHEL
367488370,2023-01-01T13:10:44,35.48924,-75.33944,173.0,RACHEL
367488370,2023-01-01T13:11:46,35.48709,-75.33905,169.0,RACHEL
367488370,2023-01-01T13:12:47,35.48495,-75.33861,168.0,RACHEL
367488370,2023-01-01T13:13:52,35.48268,-75.33808,169.0,RACHEL
367488370,2023-01-01T13:14:55,35.48044,-75.33762,170.0,RACHEL
367488370,2023-01-01T13:16:00,35.47813,-75.33713,168.0,RACHEL
367488370,2023-01-01T13:17:03,35.47585,-75.33667,168.0,RACHEL
367488370,2023-01-01T13:18:04,35.47375,-75.33621,167.0,RACHEL
367488370,2023-01-01T13:19:06,35.47154,-75.33571,168.0,RACHEL
367488370,2023-01-01T13:20:07,35.46943,-75.33525,168.0,RACHEL
367488370,2023-01-01T13:21:08,35.46728,-75.33479,172.0,RACHEL
367488370,2023-01-01T13:22:09,35.46511,-75.33441,171.0,RACHEL
367488370,2023-01-01T13:23:10,35.46296,-75.33408,171.0,RACHEL
367488370,2023-01-01T13:24:12,35.46080,-75.33372,171.0,RACHEL
367488370,2023-01-01T13:25:14,35.45864,-75.33331,169.0,RACHEL
367488370,2023-01-01T13:26:17,35.45642,-75.33289,170.0,RACHEL
367488370,2023-01-01T13:27:19,35.45421,-75.33246,171.0,RACHEL
367488370,2023-01-01T13:28:20,35.45202,-75.33204,169.0,RACHEL
367488370,2023-01-01T13:29:22,35.44985,-75.33167,172.0,RACHEL
367488370,2023-01-01T13:30:23,35.44765,-75.33130,170.0,RACHEL
367488370,2023-01-01T13:31:27,35.44544,-75.33091,170.0,RACHEL
367488370,2023-01-01T13:32:30,35.44324,-75.33048,170.0,RACHEL
367488370,2023-01-01T13:33:31,35.44107,-75.33005,170.0,RACHEL
367488370,2023-01-01T13:34:32,35.43888,-75.32963,171.0,RACHEL
367488370,2023-01-01T13:35:33,35.43674,-75.32926,171.0,RACHEL
367488370,2023-01-01T13:36:36,35.43447,-75.32890,171.0,RACHEL
367488370,2023-01-01T13:37:38,35.43236,-75.32851,172.0,RACHEL
367488370,2023-01-01T13:38:40,35.43021,-75.32813,170.0,RACHEL
367488370,2023-01-01T13:39:50,35.42768,-75.32769,171.0,RACHEL
367488370,2023-01-01T13:40:55,35.42534,-75.32731,172.0,RACHEL
367488370,2023-01-01T13:41:56,35.42322,-75.32698,171.0,RACHEL
367488370,2023-01-01T13:42:57,35.42108,-75.32661,172.0,RACHEL
367488370,2023-01-01T13:44:03,35.41876,-75.32618,171.0,RACHEL
367488370,2023-01-01T13:45:06,35.41656,-75.32578,170.0,RACHEL
367488370,2023-01-01T13:46:10,35.41433,-75.32539,172.0,RACHEL
367488370,2023-01-01T13:47:12,35.41213,-75.32502,173.0,RACHEL
367488370,2023-01-01T13:48:13,35.40998,-75.32468,172.0,RACHEL
367488370,2023-01-01T13:49:16,35.40776,-75.32435,172.0,RACHEL
367488370,2023-01-01T13:50:18,35.40566,-75.32398,170.0,RACHEL
367488370,2023-01-01T13:51:20,35.40350,-75.32359,170.0,RACHEL
367488370,2023-01-01T13:52:24,35.40130,-75.32318,172.0,RACHEL
367488370,2023-01-01T13:53:26,35.39908,-75.32283,172.0,RACHEL
367488370,2023-01-01T13:54:28,35.39687,-75.32247,172.0,RACHEL
367488370,2023-01-01T13:55:29,35.39469,-75.32213,171.0,RACHEL
367488370,2023-01-01T13:56:30,35.39254,-75.32178,172.0,RACHEL
367488370,2023-01-01T13:57:33,35.39039,-75.32142,171.0,RACHEL
367488370,2023-01-01T13:58:36,35.38814,-75.32103,170.0,RACHEL
367488370,2023-01-01T13:59:38,35.38598,-75.32067,172.0,RACHEL
367488370,2023-01-01T14:00:01,35.38517,-75.32056,170.0,RACHEL
367488370,2023-01-01T14:01:03,35.38294,-75.32022,171.0,RACHEL
367488370,2023-01-01T14:02:05,35.38076,-75.31989,172.0,RACHEL
367488370,2023-01-01T14:03:06,35.37864,-75.31956,171.0,RACHEL
367488370,2023-01-01T14:04:07,35.37656,-75.31921,171.0,RACHEL
367488370,2023-01-01T14:05:10,35.37427,-75.31886,171.0,RACHEL
367488370,2023-01-01T14:06:11,35.37215,-75.31853,171.0,RACHEL
367488370,2023-01-01T14:07:15,35.36990,-75.31820,170.0,RACHEL
367488370,2023-01-01T14:08:16,35.36769,-75.31783,171.0,RACHEL
367488370,2023-01-01T14:09:17,35.36559,-75.31751,171.0,RACHEL
367488370,2023-01-01T14:10:19,35.36341,-75.31718,171.0,RACHEL
367488370,2023-01-01T14:11:20,35.36124,-75.31687,172.0,RACHEL
367488370,2023-01-01T14:12:22,35.35909,-75.31655,170.0,RACHEL
367488370,2023-01-01T14:13:24,35.35692,-75.31625,172.0,RACHEL
367488370,2023-01-01T14:14:27,35.35470,-75.31596,172.0,RACHEL
367488370,2023-01-01T14:15:29,35.35249,-75.31565,171.0,RACHEL
367488370,2023-01-01T14:16:32,35.35037,-75.31537,170.0,RACHEL
367488370,2023-01-01T14:17:36,35.34814,-75.31506,170.0,RACHEL
367488370,2023-01-01T14:18:38,35.34604,-75.31476,169.0,RACHEL
367488370,2023-01-01T14:19:40,35.34387,-75.31441,170.0,RACHEL
367488370,2023-01-01T14:20:43,35.34175,-75.31406,169.0,RACHEL
367488370,2023-01-01T14:21:45,35.33958,-75.31370,170.0,RACHEL
367488370,2023-01-01T14:22:47,35.33746,-75.31333,170.0,RACHEL
367488370,2023-01-01T14:23:48,35.33535,-75.31297,169.0,RACHEL
367488370,2023-01-01T14:24:51,35.33313,-75.31258,171.0,RACHEL
367488370,2023-01-01T14:25:52,35.33100,-75.31222,171.0,RACHEL
367488370,2023-01-01T14:27:00,35.32869,-75.31180,171.0,RACHEL
367488370,2023-01-01T14:28:01,35.32658,-75.31141,171.0,RACHEL
367488370,2023-01-01T14:29:02,35.32445,-75.31102,169.0,RACHEL
367488370,2023-01-01T14:30:04,35.32229,-75.31062,171.0,RACHEL
367488370,2023-01-01T14:31:05,35.32016,-75.31020,170.0,RACHEL
367488370,2023-01-01T14:32:07,35.31800,-75.30979,171.0,RACHEL
367488370,2023-01-01T14:33:08,35.31583,-75.30943,171.0,RACHEL
367488370,2023-01-01T14:34:09,35.31375,-75.30906,170.0,RACHEL
367488370,2023-01-01T14:35:11,35.31162,-75.30864,170.0,RACHEL
367488370,2023-01-01T14:36:16,35.30935,-75.30829,174.0,RACHEL
367488370,2023-01-01T14:37:20,35.30711,-75.30803,174.0,RACHEL
367488370,2023-01-01T14:38:23,35.30489,-75.30777,174.0,RACHEL
367488370,2023-01-01T14:39:24,35.30272,-75.30753,174.0,RACHEL
367488370,2023-01-01T14:40:27,35.30056,-75.30726,172.0,RACHEL
367488370,2023-01-01T14:41:31,35.29836,-75.30696,173.0,RACHEL
367488370,2023-01-01T14:42:33,35.29618,-75.30666,174.0,RACHEL
367488370,2023-01-01T14:43:37,35.29398,-75.30637,173.0,RACHEL
367488370,2023-01-01T14:44:42,35.29166,-75.30607,174.0,RACHEL
367488370,2023-01-01T14:45:43,35.28953,-75.30579,174.0,RACHEL
367488370,2023-01-01T14:46:47,35.28732,-75.30553,173.0,RACHEL
367488370,2023-01-01T14:47:48,35.28516,-75.30523,177.0,RACHEL
367488370,2023-01-01T14:48:50,35.28302,-75.30505,175.0,RACHEL
367488370,2023-01-01T14:49:55,35.28075,-75.30490,176.0,RACHEL
367488370,2023-01-01T14:51:00,35.27849,-75.30471,176.0,RACHEL
367488370,2023-01-01T14:52:10,35.27605,-75.30454,175.0,RACHEL
367488370,2023-01-01T14:53:13,35.27390,-75.30432,176.0,RACHEL
367488370,2023-01-01T14:54:15,35.27170,-75.30412,175.0,RACHEL
367488370,2023-01-01T14:55:16,35.26960,-75.30397,177.0,RACHEL
367488370,2023-01-01T14:56:17,35.26748,-75.30390,176.0,RACHEL
367488370,2023-01-01T14:57:20,35.26530,-75.30380,177.0,RACHEL
367488370,2023-01-01T14:58:21,35.26321,-75.30368,175.0,RACHEL
367488370,2023-01-01T14:59:23,35.26108,-75.30353,176.0,RACHEL
367488370,2023-01-01T15:00:02,35.25973,-75.30344,176.0,RACHEL
367488370,2023-01-01T15:01:07,35.25745,-75.30332,176.0,RACHEL
367488370,2023-01-01T15:02:09,35.25530,-75.30318,176.0,RACHEL
367488370,2023-01-01T15:03:10,35.25319,-75.30308,176.0,RACHEL
367488370,2023-01-01T15:04:11,35.25109,-75.30298,176.0,RACHEL
367488370,2023-01-01T15:05:13,35.24897,-75.30287,175.0,RACHEL
367488370,2023-01-01T15:06:14,35.24685,-75.30275,175.0,RACHEL
367488370,2023-01-01T15:07:19,35.24458,-75.30261,177.0,RACHEL
367488370,2023-01-01T15:08:22,35.24234,-75.30253,176.0,RACHEL
367488370,2023-01-01T15:09:25,35.24021,-75.30246,175.0,RACHEL
367488370,2023-01-01T15:10:30,35.23803,-75.30235,176.0,RACHEL
367488370,2023-01-01T15:11:31,35.23598,-75.30221,174.0,RACHEL
367488370,2023-01-01T15:12:33,35.23386,-75.30209,176.0,RACHEL
367488370,2023-01-01T15:13:37,35.23165,-75.30195,177.0,RACHEL
367488370,2023-01-01T15:14:39,35.22950,-75.30183,176.0,RACHEL
367488370,2023-01-01T15:15:40,35.22749,-75.30182,193.0,RACHEL
367488370,2023-01-01T15:16:50,35.22518,-75.30254,194.0,RACHEL
367488370,2023-01-01T15:17:53,35.22316,-75.30325,198.0,RACHEL
367488370,2023-01-01T15:18:54,35.22131,-75.30418,202.0,RACHEL
367488370,2023-01-01T15:19:56,35.21951,-75.30516,203.0,RACHEL
367488370,2023-01-01T15:21:00,35.21764,-75.30618,203.0,RACHEL
367488370,2023-01-01T15:22:02,35.21581,-75.30721,203.0,RACHEL
367488370,2023-01-01T15:23:04,35.21399,-75.30829,205.0,RACHEL
367488370,2023-01-01T15:24:05,35.21222,-75.30934,203.0,RACHEL
367488370,2023-01-01T15:25:07,35.21041,-75.31040,205.0,RACHEL
367488370,2023-01-01T15:26:08,35.20863,-75.31142,204.0,RACHEL
367488370,2023-01-01T15:27:10,35.20681,-75.31245,205.0,RACHEL
367488370,2023-01-01T15:28:12,35.20495,-75.31350,206.0,RACHEL
367488370,2023-01-01T15:29:13,35.20320,-75.31457,205.0,RACHEL
367488370,2023-01-01T15:30:15,35.20140,-75.31562,206.0,RACHEL
367488370,2023-01-01T15:31:17,35.19962,-75.31664,204.0,RACHEL
367488370,2023-01-01T15:32:20,35.19780,-75.31772,204.0,RACHEL
367488370,2023-01-01T15:33:21,35.19599,-75.31874,204.0,RACHEL
367488370,2023-01-01T15:34:22,35.19418,-75.31977,204.0,RACHEL
367488370,2023-01-01T15:35:28,35.19220,-75.32088,205.0,RACHEL
367488370,2023-01-01T15:36:30,35.19035,-75.32192,206.0,RACHEL
367488370,2023-01-01T15:37:31,35.18856,-75.32296,207.0,RACHEL
367488370,2023-01-01T15:38:34,35.18677,-75.32401,206.0,RACHEL
367488370,2023-01-01T15:39:37,35.18496,-75.32503,205.0,RACHEL
367488370,2023-01-01T15:40:40,35.18310,-75.32606,205.0,RACHEL
367488370,2023-01-01T15:41:48,35.18111,-75.32717,204.0,RACHEL
367488370,2023-01-01T15:42:49,35.17933,-75.32819,206.0,RACHEL
367488370,2023-01-01T15:43:51,35.17758,-75.32932,209.0,RACHEL
367488370,2023-01-01T15:44:53,35.17584,-75.33049,209.0,RACHEL
367488370,2023-01-01T15:45:54,35.17413,-75.33165,209.0,RACHEL
367488370,2023-01-01T15:46:59,35.17230,-75.33288,210.0,RACHEL
367488370,2023-01-01T15:48:00,35.17059,-75.33406,209.0,RACHEL
367488370,2023-01-01T15:49:01,35.16888,-75.33521,211.0,RACHEL
367488370,2023-01-01T15:50:02,35.16721,-75.33638,209.0,RACHEL
367488370,2023-01-01T15:51:04,35.16553,-75.33755,209.0,RACHEL
367488370,2023-01-01T15:52:07,35.16386,-75.33872,209.0,RACHEL
367488370,2023-01-01T15:53:12,35.16212,-75.33990,208.0,RACHEL
367488370,2023-01-01T15:54:13,35.16048,-75.34105,207.0,RACHEL
367488370,2023-01-01T15:55:16,35.15878,-75.34218,210.0,RACHEL
367488370,2023-01-01T15:56:19,35.15710,-75.34331,209.0,RACHEL
367488370,2023-01-01T15:57:20,35.15546,-75.34442,209.0,RACHEL
367488370,2023-01-01T15:58:23,35.15379,-75.34560,207.0,RACHEL
367488370,2023-01-01T15:59:24,35.15214,-75.34667,209.0,RACHEL
367488370,2023-01-01T16:00:01,35.15113,-75.34735,208.0,RACHEL
367488370,2023-01-01T16:01:03,35.14945,-75.34848,209.0,RACHEL
367488370,2023-01-01T16:02:09,35.14766,-75.34963,210.0,RACHEL
367488370,2023-01-01T16:03:10,35.14599,-75.35074,208.0,RACHEL
367488370,2023-01-01T16:04:12,35.14430,-75.35179,209.0,RACHEL
367488370,2023-01-01T16:05:13,35.14264,-75.35294,210.0,RACHEL
367488370,2023-01-01T16:06:19,35.14087,-75.35420,211.0,RACHEL
367488370,2023-01-01T16:07:25,35.13907,-75.35544,208.0,RACHEL
367488370,2023-01-01T16:08:26,35.13740,-75.35654,208.0,RACHEL
367488370,2023-01-01T16:09:27,35.13572,-75.35761,208.0,RACHEL
367488370,2023-01-01T16:10:30,35.13394,-75.35874,207.0,RACHEL
367488370,2023-01-01T16:11:35,35.13211,-75.35989,207.0,RACHEL
367488370,2023-01-01T16:12:37,35.13043,-75.36095,208.0,RACHEL
367488370,2023-01-01T16:13:45,35.12853,-75.36213,207.0,RACHEL
367488370,2023-01-01T16:14:47,35.12681,-75.36318,207.0,RACHEL
367488370,2023-01-01T16:15:52,35.12501,-75.36435,208.0,RACHEL
367488370,2023-01-01T16:16:53,35.12331,-75.36541,209.0,RACHEL
367488370,2023-01-01T16:17:54,35.12162,-75.36647,208.0,RACHEL
367488370,2023-01-01T16:18:57,35.11988,-75.36759,208.0,RACHEL
367488370,2023-01-01T16:19:59,35.11818,-75.36867,208.0,RACHEL
367488370,2023-01-01T16:21:06,35.11634,-75.36980,210.0,RACHEL
367488370,2023-01-01T16:22:07,35.11468,-75.37089,209.0,RACHEL
367488370,2023-01-01T16:23:09,35.11297,-75.37192,209.0,RACHEL
367488370,2023-01-01T16:24:10,35.11130,-75.37298,209.0,RACHEL
367488370,2023-01-01T16:25:13,35.10955,-75.37402,208.0,RACHEL
367488370,2023-01-01T16:26:15,35.10781,-75.37504,208.0,RACHEL
367488370,2023-01-01T16:27:21,35.10598,-75.37618,207.0,RACHEL
367488370,2023-01-01T16:28:23,35.10427,-75.37718,208.0,RACHEL
367488370,2023-01-01T16:29:29,35.10244,-75.37825,208.0,RACHEL
367488370,2023-01-01T16:30:31,35.10073,-75.37928,208.0,RACHEL
367488370,2023-01-01T16:31:32,35.09902,-75.38030,208.0,RACHEL
367488370,2023-01-01T16:32:33,35.09731,-75.38131,209.0,RACHEL
367488370,2023-01-01T16:33:34,35.09563,-75.38231,209.0,RACHEL
367488370,2023-01-01T16:34:36,35.09390,-75.38334,207.0,RACHEL
367488370,2023-01-01T16:35:37,35.09222,-75.38433,208.0,RACHEL
367488370,2023-01-01T16:36:41,35.09045,-75.38538,207.0,RACHEL
367488370,2023-01-01T16:37:43,35.08873,-75.38635,207.0,RACHEL
367488370,2023-01-01T16:38:45,35.08705,-75.38732,209.0,RACHEL
367488370,2023-01-01T16:39:46,35.08536,-75.38828,207.0,RACHEL
367488370,2023-01-01T16:40:48,35.08367,-75.38923,207.0,RACHEL
367488370,2023-01-01T16:41:50,35.08203,-75.39026,216.0,RACHEL
367488370,2023-01-01T16:42:51,35.08049,-75.39148,216.0,RACHEL
367488370,2023-01-01T16:43:54,35.07889,-75.39273,215.0,RACHEL
367488370,2023-01-01T16:44:55,35.07738,-75.39392,216.0,RACHEL
367488370,2023-01-01T16:45:56,35.07590,-75.39509,216.0,RACHEL
367488370,2023-01-01T16:46:58,35.07441,-75.39634,215.0,RACHEL
367488370,2023-01-01T16:47:59,35.07292,-75.39754,215.0,RACHEL
367488370,2023-01-01T16:49:04,35.07134,-75.39884,216.0,RACHEL
367488370,2023-01-01T16:50:05,35.06986,-75.40003,215.0,RACHEL
367488370,2023-01-01T16:51:06,35.06836,-75.40121,216.0,RACHEL
367488370,2023-01-01T16:52:17,35.06660,-75.40261,215.0,RACHEL
367488370,2023-01-01T16:53:19,35.06506,-75.40385,214.0,RACHEL
367488370,2023-01-01T16:54:21,35.06355,-75.40505,215.0,RACHEL
367488370,2023-01-01T16:55:22,35.06204,-75.40624,214.0,RACHEL
367488370,2023-01-01T16:56:25,35.06050,-75.40747,214.0,RACHEL
367488370,2023-01-01T16:57:27,35.05898,-75.40865,215.0,RACHEL
367488370,2023-01-01T16:58:29,35.05743,-75.40985,215.0,RACHEL
367488370,2023-01-01T16:59:31,35.05587,-75.41107,215.0,RACHEL
367488370,2023-01-01T17:00:02,35.05512,-75.41168,215.0,RACHEL
367488370,2023-01-01T17:01:04,35.05359,-75.41288,216.0,RACHEL
367488370,2023-01-01T17:02:06,35.05205,-75.41417,215.0,RACHEL
367488370,2023-01-01T17:03:09,35.05048,-75.41544,214.0,RACHEL
367488370,2023-01-01T17:04:13,35.04886,-75.41670,214.0,RACHEL
367488370,2023-01-01T17:05:15,35.04734,-75.41790,215.0,RACHEL
367488370,2023-01-01T17:06:16,35.04582,-75.41912,215.0,RACHEL
367488370,2023-01-01T17:07:17,35.04432,-75.42033,226.0,RACHEL
367488370,2023-01-01T17:08:20,35.04297,-75.42201,229.0,RACHEL
367488370,2023-01-01T17:09:24,35.04169,-75.42374,228.0,RACHEL
367488370,2023-01-01T17:10:29,35.04039,-75.42543,229.0,RACHEL
367488370,2023-01-01T17:11:34,35.03910,-75.42712,229.0,RACHEL
367488370,2023-01-01T17:12:35,35.03789,-75.42869,227.0,RACHEL
367488370,2023-01-01T17:13:37,35.03663,-75.43032,226.0,RACHEL
367488370,2023-01-01T17:14:38,35.03539,-75.43191,229.0,RACHEL
367488370,2023-01-01T17:15:39,35.03415,-75.43352,228.0,RACHEL
367488370,2023-01-01T17:16:40,35.03291,-75.43512,228.0,RACHEL
367488370,2023-01-01T17:17:41,35.03168,-75.43675,228.0,RACHEL
367488370,2023-01-01T17:18:42,35.03045,-75.43837,228.0,RACHEL
367488370,2023-01-01T17:19:44,35.02916,-75.44006,229.0,RACHEL
367488370,2023-01-01T17:20:47,35.02787,-75.44175,227.0,RACHEL
367488370,2023-01-01T17:21:48,35.02664,-75.44341,228.0,RACHEL
367488370,2023-01-01T17:22:54,35.02531,-75.44520,227.0,RACHEL
367488370,2023-01-01T17:23:57,35.02404,-75.44690,229.0,RACHEL
367488370,2023-01-01T17:24:59,35.02279,-75.44858,228.0,RACHEL
367488370,2023-01-01T17:26:00,35.02157,-75.45024,227.0,RACHEL
367488370,2023-01-01T17:27:03,35.02030,-75.45194,230.0,RACHEL
367488370,2023-01-01T17:28:06,35.01902,-75.45366,229.0,RACHEL
367488370,2023-01-01T17:29:07,35.01778,-75.45530,228.0,RACHEL
367488370,2023-01-01T17:30:08,35.01653,-75.45695,229.0,RACHEL
367488370,2023-01-01T17:31:11,35.01526,-75.45868,227.0,RACHEL
367488370,2023-01-01T17:32:13,35.01399,-75.46035,227.0,RACHEL
367488370,2023-01-01T17:33:16,35.01267,-75.46213,229.0,RACHEL
367488370,2023-01-01T17:34:18,35.01142,-75.46385,229.0,RACHEL
367488370,2023-01-01T17:35:20,35.01019,-75.46560,228.0,RACHEL
367488370,2023-01-01T17:36:23,35.00892,-75.46736,229.0,RACHEL
367488370,2023-01-01T17:37:27,35.00766,-75.46913,228.0,RACHEL
367488370,2023-01-01T17:38:30,35.00635,-75.47092,228.0,RACHEL
367488370,2023-01-01T17:39:32,35.00508,-75.47267,223.0,RACHEL
367488370,2023-01-01T17:40:36,35.00369,-75.47431,224.0,RACHEL
367488370,2023-01-01T17:41:39,35.00232,-75.47594,222.0,RACHEL
367488370,2023-01-01T17:42:41,35.00095,-75.47759,224.0,RACHEL
367488370,2023-01-01T17:43:43,34.99956,-75.47921,224.0,RACHEL
367488370,2023-01-01T17:44:45,34.99819,-75.48089,223.0,RACHEL
367488370,2023-01-01T17:45:46,34.99682,-75.48249,225.0,RACHEL
367488370,2023-01-01T17:46:47,34.99549,-75.48415,224.0,RACHEL
367488370,2023-01-01T17:47:48,34.99413,-75.48576,224.0,RACHEL
367488370,2023-01-01T17:48:49,34.99278,-75.48735,224.0,RACHEL
367488370,2023-01-01T17:49:54,34.99134,-75.48910,224.0,RACHEL
367488370,2023-01-01T17:50:56,34.98994,-75.49079,225.0,RACHEL
367488370,2023-01-01T17:51:57,34.98856,-75.49244,225.0,RACHEL
367488370,2023-01-01T17:53:00,34.98715,-75.49414,224.0,RACHEL
367488370,2023-01-01T17:54:01,34.98580,-75.49580,225.0,RACHEL
367488370,2023-01-01T17:55:05,34.98436,-75.49752,224.0,RACHEL
367488370,2023-01-01T17:56:09,34.98292,-75.49926,225.0,RACHEL
367488370,2023-01-01T17:57:10,34.98156,-75.50089,223.0,RACHEL
367488370,2023-01-01T17:58:14,34.98017,-75.50258,223.0,RACHEL
367488370,2023-01-01T17:59:20,34.97865,-75.50433,223.0,RACHEL
367488370,2023-01-01T18:00:01,34.97775,-75.50538,224.0,RACHEL
367488370,2023-01-01T18:01:03,34.97632,-75.50705,223.0,RACHEL
367488370,2023-01-01T18:02:06,34.97494,-75.50874,225.0,RACHEL
367488370,2023-01-01T18:03:09,34.97355,-75.51049,226.0,RACHEL
367488370,2023-01-01T18:04:12,34.97219,-75.51224,225.0,RACHEL
367488370,2023-01-01T18:05:14,34.97086,-75.51394,226.0,RACHEL
367488370,2023-01-01T18:06:16,34.96952,-75.51565,227.0,RACHEL
367488370,2023-01-01T18:07:21,34.96810,-75.51748,225.0,RACHEL
367488370,2023-01-01T18:08:23,34.96678,-75.51921,225.0,RACHEL
367488370,2023-01-01T18:09:24,34.96551,-75.52088,226.0,RACHEL
367488370,2023-01-01T18:10:25,34.96416,-75.52262,226.0,RACHEL
367488370,2023-01-01T18:11:26,34.96288,-75.52428,225.0,RACHEL
367488370,2023-01-01T18:12:29,34.96151,-75.52604,225.0,RACHEL
367488370,2023-01-01T18:13:33,34.96014,-75.52780,227.0,RACHEL
367488370,2023-01-01T18:14:35,34.95880,-75.52957,225.0,RACHEL
367488370,2023-01-01T18:15:38,34.95746,-75.53131,225.0,RACHEL
367488370,2023-01-01T18:16:39,34.95613,-75.53306,226.0,RACHEL
367488370,2023-01-01T18:17:40,34.95483,-75.53476,226.0,RACHEL
367488370,2023-01-01T18:18:44,34.95348,-75.53661,227.0,RACHEL
367488370,2023-01-01T18:19:47,34.95211,-75.53844,227.0,RACHEL
367488370,2023-01-01T18:20:48,34.95081,-75.54019,227.0,RACHEL
367488370,2023-01-01T18:21:49,34.94952,-75.54193,226.0,RACHEL
367488370,2023-01-01T18:22:51,34.94819,-75.54373,227.0,RACHEL
367488370,2023-01-01T18:23:57,34.94680,-75.54565,228.0,RACHEL
367488370,2023-01-01T18:25:00,34.94547,-75.54745,226.0,RACHEL
367488370,2023-01-01T18:26:04,34.94410,-75.54926,226.0,RACHEL
367488370,2023-01-01T18:27:06,34.94278,-75.55105,225.0,RACHEL
367488370,2023-01-01T18:28:07,34.94147,-75.55280,226.0,RACHEL
367488370,2023-01-01T18:29:09,34.94015,-75.55455,227.0,RACHEL
367488370,2023-01-01T18:30:12,34.93881,-75.55634,226.0,RACHEL
367488370,2023-01-01T18:31:13,34.93751,-75.55809,227.0,RACHEL
367488370,2023-01-01T18:32:15,34.93618,-75.55988,226.0,RACHEL
367488370,2023-01-01T18:33:16,34.93489,-75.56164,227.0,RACHEL
367488370,2023-01-01T18:34:17,34.93358,-75.56340,226.0,RACHEL
367488370,2023-01-01T18:35:21,34.93221,-75.56523,228.0,RACHEL
367488370,2023-01-01T18:36:23,34.93090,-75.56702,227.0,RACHEL
367488370,2023-01-01T18:37:26,34.92956,-75.56882,227.0,RACHEL
367488370,2023-01-01T18:38:29,34.92821,-75.57065,227.0,RACHEL
367488370,2023-01-01T18:39:31,34.92689,-75.57244,227.0,RACHEL
367488370,2023-01-01T18:40:33,34.92557,-75.57419,226.0,RACHEL
367488370,2023-01-01T18:41:37,34.92421,-75.57601,227.0,RACHEL
367488370,2023-01-01T18:42:38,34.92292,-75.57779,226.0,RACHEL
367488370,2023-01-01T18:43:40,34.92160,-75.57957,227.0,RACHEL
367488370,2023-01-01T18:44:42,34.92027,-75.58135,226.0,RACHEL
367488370,2023-01-01T18:45:45,34.91893,-75.58318,226.0,RACHEL
367488370,2023-01-01T18:46:46,34.91763,-75.58493,227.0,RACHEL
367488370,2023-01-01T18:47:47,34.91634,-75.58664,226.0,RACHEL
367488370,2023-01-01T18:48:53,34.91492,-75.58859,226.0,RACHEL
367488370,2023-01-01T18:49:54,34.91362,-75.59037,227.0,RACHEL
367488370,2023-01-01T18:50:55,34.91231,-75.59210,228.0,RACHEL
367488370,2023-01-01T18:51:57,34.91098,-75.59390,226.0,RACHEL
367488370,2023-01-01T18:52:59,34.90963,-75.59570,225.0,RACHEL
367488370,2023-01-01T18:54:03,34.90821,-75.59753,226.0,RACHEL
367488370,2023-01-01T18:55:04,34.90689,-75.59929,227.0,RACHEL
367488370,2023-01-01T18:56:06,34.90554,-75.60111,226.0,RACHEL
367488370,2023-01-01T18:57:07,34.90420,-75.60288,226.0,RACHEL
367488370,2023-01-01T18:58:09,34.90288,-75.60466,225.0,RACHEL
367488370,2023-01-01T18:59:10,34.90157,-75.60644,227.0,RACHEL
367488370,2023-01-01T19:00:04,34.90041,-75.60803,227.0,RACHEL
367488370,2023-01-01T19:01:09,34.89901,-75.60992,227.0,RACHEL
367488370,2023-01-01T19:02:11,34.89767,-75.61170,227.0,RACHEL
367488370,2023-01-01T19:03:13,34.89634,-75.61352,227.0,RACHEL
367488370,2023-01-01T19:04:14,34.89504,-75.61529,226.0,RACHEL
367488370,2023-01-01T19:05:15,34.89370,-75.61711,227.0,RACHEL
367488370,2023-01-01T19:06:18,34.89236,-75.61895,228.0,RACHEL
367488370,2023-01-01T19:07:21,34.89101,-75.62078,226.0,RACHEL
367488370,2023-01-01T19:08:22,34.88972,-75.62254,228.0,RACHEL
367488370,2023-01-01T19:09:27,34.88831,-75.62443,224.0,RACHEL
367488370,2023-01-01T19:10:28,34.88699,-75.62617,226.0,RACHEL
367488370,2023-01-01T19:11:30,34.88563,-75.62796,227.0,RACHEL
367488370,2023-01-01T19:12:33,34.88430,-75.62976,227.0,RACHEL
367488370,2023-01-01T19:13:34,34.88293,-75.63157,227.0,RACHEL
367488370,2023-01-01T19:14:37,34.88157,-75.63339,226.0,RACHEL
367488370,2023-01-01T19:15:39,34.88022,-75.63518,225.0,RACHEL
367488370,2023-01-01T19:16:40,34.87888,-75.63692,226.0,RACHEL
367488370,2023-01-01T19:17:47,34.87741,-75.63884,227.0,RACHEL
367488370,2023-01-01T19:18:49,34.87604,-75.64064,226.0,RACHEL
367488370,2023-01-01T19:19:51,34.87468,-75.64243,225.0,RACHEL
367488370,2023-01-01T19:20:52,34.87335,-75.64417,226.0,RACHEL
367488370,2023-01-01T19:21:53,34.87201,-75.64597,227.0,RACHEL
367488370,2023-01-01T19:22:54,34.87068,-75.64776,228.0,RACHEL
367488370,2023-01-01T19:23:55,34.86937,-75.64954,228.0,RACHEL
367488370,2023-01-01T19:24:56,34.86800,-75.65138,228.0,RACHEL
367488370,2023-01-01T19:26:00,34.86662,-75.65322,228.0,RACHEL
367488370,2023-01-01T19:27:02,34.86524,-75.65505,227.0,RACHEL
367488370,2023-01-01T19:28:03,34.86389,-75.65686,227.0,RACHEL
367488370,2023-01-01T19:29:06,34.86251,-75.65871,227.0,RACHEL
367488370,2023-01-01T19:30:07,34.86115,-75.66048,227.0,RACHEL
367488370,2023-01-01T19:31:09,34.85979,-75.66235,227.0,RACHEL
367488370,2023-01-01T19:32:11,34.85843,-75.66421,227.0,RACHEL
367488370,2023-01-01T19:33:12,34.85710,-75.66602,227.0,RACHEL
367488370,2023-01-01T19:34:15,34.85575,-75.66784,226.0,RACHEL
367488370,2023-01-01T19:35:16,34.85439,-75.66966,226.0,RACHEL
367488370,2023-01-01T19:36:17,34.85306,-75.67149,227.0,RACHEL
367488370,2023-01-01T19:37:20,34.85166,-75.67336,226.0,RACHEL
367488370,2023-01-01T19:38:25,34.85025,-75.67531,228.0,RACHEL
367488370,2023-01-01T19:39:28,34.84893,-75.67718,227.0,RACHEL
367488370,2023-01-01T19:40:32,34.84755,-75.67912,225.0,RACHEL
367488370,2023-01-01T19:41:34,34.84620,-75.68094,227.0,RACHEL
367488370,2023-01-01T19:42:36,34.84486,-75.68286,226.0,RACHEL
367488370,2023-01-01T19:43:37,34.84353,-75.68471,226.0,RACHEL
367488370,2023-01-01T19:44:42,34.84214,-75.68669,226.0,RACHEL
367488370,2023-01-01T19:45:43,34.84085,-75.68851,226.0,RACHEL
367488370,2023-01-01T19:46:44,34.83951,-75.69040,226.0,RACHEL
367488370,2023-01-01T19:47:45,34.83821,-75.69225,227.0,RACHEL
367488370,2023-01-01T19:48:47,34.83688,-75.69415,228.0,RACHEL
367488370,2023-01-01T19:49:50,34.83555,-75.69606,227.0,RACHEL
367488370,2023-01-01T19:50:58,34.83407,-75.69816,227.0,RACHEL
367488370,2023-01-01T19:52:01,34.83272,-75.70011,227.0,RACHEL
367488370,2023-01-01T19:53:04,34.83140,-75.70203,228.0,RACHEL
367488370,2023-01-01T19:54:09,34.83000,-75.70403,228.0,RACHEL
367488370,2023-01-01T19:55:10,34.82872,-75.70592,227.0,RACHEL
367488370,2023-01-01T19:56:11,34.82739,-75.70784,226.0,RACHEL
367488370,2023-01-01T19:57:14,34.82607,-75.70974,225.0,RACHEL
367488370,2023-01-01T19:58:15,34.82472,-75.71162,226.0,RACHEL
367488370,2023-01-01T19:59:18,34.82336,-75.71353,227.0,RACHEL
367488370,2023-01-01T20:00:00,34.82247,-75.71484,228.0,RACHEL
367488370,2023-01-01T20:01:01,34.82114,-75.71674,226.0,RACHEL
367488370,2023-01-01T20:02:04,34.81986,-75.71864,227.0,RACHEL
367488370,2023-01-01T20:03:09,34.81851,-75.72062,226.0,RACHEL
367488370,2023-01-01T20:04:12,34.81717,-75.72258,227.0,RACHEL
367488370,2023-01-01T20:05:19,34.81578,-75.72466,227.0,RACHEL
367488370,2023-01-01T20:06:24,34.81440,-75.72668,227.0,RACHEL
367488370,2023-01-01T20:07:26,34.81312,-75.72859,227.0,RACHEL
367488370,2023-01-01T20:08:28,34.81184,-75.73057,228.0,RACHEL
367488370,2023-01-01T20:09:29,34.81059,-75.73247,227.0,RACHEL
367488370,2023-01-01T20:10:34,34.80925,-75.73447,227.0,RACHEL
367488370,2023-01-01T20:11:36,34.80801,-75.73636,226.0,RACHEL
367488370,2023-01-01T20:12:38,34.80674,-75.73829,227.0,RACHEL
367488370,2023-01-01T20:13:43,34.80541,-75.74033,227.0,RACHEL
367488370,2023-01-01T20:14:44,34.80421,-75.74219,227.0,RACHEL
367488370,2023-01-01T20:15:50,34.80291,-75.74416,227.0,RACHEL
367488370,2023-01-01T20:16:52,34.80166,-75.74599,227.0,RACHEL
367488370,2023-01-01T20:17:53,34.80045,-75.74778,226.0,RACHEL
367488370,2023-01-01T20:18:55,34.79923,-75.74960,227.0,RACHEL
367488370,2023-01-01T20:19:57,34.79801,-75.75146,226.0,RACHEL
367488370,2023-01-01T20:20:58,34.79683,-75.75326,227.0,RACHEL
367488370,2023-01-01T20:22:01,34.79564,-75.75514,228.0,RACHEL
367488370,2023-01-01T20:23:02,34.79448,-75.75691,227.0,RACHEL
367488370,2023-01-01T20:24:03,34.79328,-75.75866,227.0,RACHEL
367488370,2023-01-01T20:25:04,34.79206,-75.76044,226.0,RACHEL
367488370,2023-01-01T20:26:05,34.79087,-75.76223,227.0,RACHEL
367488370,2023-01-01T20:27:10,34.78959,-75.76413,226.0,RACHEL
367488370,2023-01-01T20:28:13,34.78832,-75.76604,227.0,RACHEL
367488370,2023-01-01T20:29:14,34.78713,-75.76783,227.0,RACHEL
367488370,2023-01-01T20:30:15,34.78585,-75.76961,228.0,RACHEL
367488370,2023-01-01T20:31:17,34.78460,-75.77138,228.0,RACHEL
367488370,2023-01-01T20:32:20,34.78332,-75.77330,227.0,RACHEL
367488370,2023-01-01T20:33:24,34.78201,-75.77519,227.0,RACHEL
367488370,2023-01-01T20:34:26,34.78078,-75.77695,227.0,RACHEL
367488370,2023-01-01T20:35:32,34.77942,-75.77890,227.0,RACHEL
367488370,2023-01-01T20:36:36,34.77810,-75.78083,226.0,RACHEL
367488370,2023-01-01T20:37:37,34.77684,-75.78267,228.0,RACHEL
367488370,2023-01-01T20:38:39,34.77556,-75.78452,226.0,RACHEL
367488370,2023-01-01T20:39:42,34.77428,-75.78636,226.0,RACHEL
367488370,2023-01-01T20:40:43,34.77302,-75.78821,227.0,RACHEL
367488370,2023-01-01T20:41:44,34.77179,-75.79007,227.0,RACHEL
367488370,2023-01-01T20:42:49,34.77045,-75.79202,226.0,RACHEL
367488370,2023-01-01T20:43:51,34.76918,-75.79390,227.0,RACHEL
367488370,2023-01-01T20:44:52,34.76788,-75.79578,228.0,RACHEL
367488370,2023-01-01T20:45:54,34.76661,-75.79765,226.0,RACHEL
367488370,2023-01-01T20:46:56,34.76532,-75.79954,228.0,RACHEL
367488370,2023-01-01T20:47:59,34.76400,-75.80147,226.0,RACHEL
367488370,2023-01-01T20:49:03,34.76262,-75.80343,227.0,RACHEL
367488370,2023-01-01T20:50:04,34.76131,-75.80527,228.0,RACHEL
367488370,2023-01-01T20:51:06,34.76002,-75.80712,227.0,RACHEL
367488370,2023-01-01T20:52:09,34.75867,-75.80910,229.0,RACHEL
367488370,2023-01-01T20:53:10,34.75740,-75.81093,227.0,RACHEL
367488370,2023-01-01T20:54:14,34.75603,-75.81289,228.0,RACHEL
367488370,2023-01-01T20:55:16,34.75471,-75.81479,228.0,RACHEL
367488370,2023-01-01T20:56:18,34.75337,-75.81667,229.0,RACHEL
367488370,2023-01-01T20:57:20,34.75205,-75.81853,228.0,RACHEL
367488370,2023-01-01T20:58:23,34.75065,-75.82045,227.0,RACHEL
367488370,2023-01-01T20:59:24,34.74934,-75.82231,227.0,RACHEL
367488370,2023-01-01T21:00:03,34.74847,-75.82351,228.0,RACHEL
367488370,2023-01-01T21:01:07,34.74713,-75.82548,229.0,RACHEL
367488370,2023-01-01T21:02:08,34.74583,-75.82732,228.0,RACHEL
367488370,2023-01-01T21:03:10,34.74448,-75.82928,227.0,RACHEL
367488370,2023-01-01T21:04:11,34.74317,-75.83112,227.0,RACHEL
367488370,2023-01-01T21:05:13,34.74185,-75.83298,227.0,RACHEL
367488370,2023-01-01T21:06:16,34.74045,-75.83491,228.0,RACHEL
367488370,2023-01-01T21:07:24,34.73897,-75.83708,228.0,RACHEL
367488370,2023-01-01T21:08:27,34.73759,-75.83901,228.0,RACHEL
367488370,2023-01-01T21:09:30,34.73620,-75.84097,228.0,RACHEL
367488370,2023-01-01T21:10:33,34.73477,-75.84292,227.0,RACHEL
367488370,2023-01-01T21:11:36,34.73333,-75.84490,228.0,RACHEL
367488370,2023-01-01T21:12:37,34.73197,-75.84676,229.0,RACHEL
367488370,2023-01-01T21:13:38,34.73056,-75.84866,229.0,RACHEL
367488370,2023-01-01T21:14:39,34.72922,-75.85053,227.0,RACHEL
367488370,2023-01-01T21:15:43,34.72777,-75.85253,228.0,RACHEL
367488370,2023-01-01T21:16:44,34.72642,-75.85444,227.0,RACHEL
367488370,2023-01-01T21:17:45,34.72501,-75.85638,228.0,RACHEL
367488370,2023-01-01T21:18:46,34.72364,-75.85832,228.0,RACHEL
367488370,2023-01-01T21:19:47,34.72228,-75.86024,228.0,RACHEL
367488370,2023-01-01T21:20:54,34.72075,-75.86241,227.0,RACHEL
367488370,2023-01-01T21:21:55,34.71932,-75.86442,227.0,RACHEL
367488370,2023-01-01T21:22:57,34.71787,-75.86641,229.0,RACHEL
367488370,2023-01-01T21:23:59,34.71641,-75.86838,228.0,RACHEL
367488370,2023-01-01T21:25:00,34.71497,-75.87033,228.0,RACHEL
367488370,2023-01-01T21:26:03,34.71351,-75.87230,228.0,RACHEL
367488370,2023-01-01T21:27:04,34.71207,-75.87426,229.0,RACHEL
367488370,2023-01-01T21:28:08,34.71051,-75.87632,228.0,RACHEL
367488370,2023-01-01T21:29:09,34.70907,-75.87824,228.0,RACHEL
367488370,2023-01-01T21:30:11,34.70759,-75.88023,228.0,RACHEL
367488370,2023-01-01T21:31:13,34.70607,-75.88223,227.0,RACHEL
367488370,2023-01-01T21:32:16,34.70456,-75.88418,228.0,RACHEL
367488370,2023-01-01T21:33:17,34.70308,-75.88612,230.0,RACHEL
367488370,2023-01-01T21:34:24,34.70145,-75.88829,228.0,RACHEL
367488370,2023-01-01T21:35:27,34.69993,-75.89023,230.0,RACHEL
367488370,2023-01-01T21:36:30,34.69839,-75.89225,230.0,RACHEL
367488370,2023-01-01T21:37:32,34.69689,-75.89419,228.0,RACHEL
367488370,2023-01-01T21:38:33,34.69541,-75.89608,230.0,RACHEL
367488370,2023-01-01T21:39:36,34.69389,-75.89803,229.0,RACHEL
367488370,2023-01-01T21:40:39,34.69242,-75.89995,227.0,RACHEL
367488370,2023-01-01T21:41:40,34.69094,-75.90186,230.0,RACHEL
367488370,2023-01-01T21:42:44,34.68941,-75.90382,228.0,RACHEL
367488370,2023-01-01T21:43:47,34.68790,-75.90575,230.0,RACHEL
367488370,2023-01-01T21:44:49,34.68639,-75.90769,228.0,RACHEL
367488370,2023-01-01T21:45:52,34.68495,-75.90956,228.0,RACHEL
367488370,2023-01-01T21:46:54,34.68347,-75.91145,228.0,RACHEL
367488370,2023-01-01T21:47:57,34.68197,-75.91336,228.0,RACHEL
367488370,2023-01-01T21:48:58,34.68053,-75.91521,229.0,RACHEL
367488370,2023-01-01T21:50:00,34.67905,-75.91711,227.0,RACHEL
367488370,2023-01-01T21:51:04,34.67753,-75.91908,226.0,RACHEL
367488370,2023-01-01T21:52:05,34.67611,-75.92090,228.0,RACHEL
367488370,2023-01-01T21:53:07,34.67459,-75.92284,228.0,RACHEL
367488370,2023-01-01T21:54:08,34.67313,-75.92468,228.0,RACHEL
367488370,2023-01-01T21:55:09,34.67164,-75.92639,225.0,RACHEL
367488370,2023-01-01T21:56:10,34.67005,-75.92818,224.0,RACHEL
367488370,2023-01-01T21:57:13,34.66849,-75.92991,223.0,RACHEL
367488370,2023-01-01T21:58:17,34.66682,-75.93178,225.0,RACHEL
367488370,2023-01-01T21:59:20,34.66519,-75.93358,222.0,RACHEL
367488370,2023-01-01T22:00:02,34.66407,-75.93475,221.0,RACHEL
367488370,2023-01-01T22:01:03,34.66244,-75.93642,222.0,RACHEL
367488370,2023-01-01T22:02:04,34.66084,-75.93804,223.0,RACHEL
367488370,2023-01-01T22:03:07,34.65918,-75.93975,222.0,RACHEL
367488370,2023-01-01T22:04:08,34.65758,-75.94140,222.0,RACHEL
367488370,2023-01-01T22:05:09,34.65602,-75.94305,221.0,RACHEL
367488370,2023-01-01T22:06:11,34.65436,-75.94476,222.0,RACHEL
367488370,2023-01-01T22:07:13,34.65269,-75.94650,222.0,RACHEL
367488370,2023-01-01T22:08:14,34.65107,-75.94814,224.0,RACHEL
367488370,2023-01-01T22:09:16,34.64947,-75.94983,221.0,RACHEL
367488370,2023-01-01T22:10:18,34.64782,-75.95155,223.0,RACHEL
367488370,2023-01-01T22:11:19,34.64622,-75.95320,223.0,RACHEL
367488370,2023-01-01T22:12:20,34.64463,-75.95487,222.0,RACHEL
367488370,2023-01-01T22:13:22,34.64301,-75.95658,221.0,RACHEL
367488370,2023-01-01T22:14:23,34.64141,-75.95827,221.0,RACHEL
367488370,2023-01-01T22:15:26,34.63974,-75.96001,221.0,RACHEL
367488370,2023-01-01T22:16:27,34.63819,-75.96162,223.0,RACHEL
367488370,2023-01-01T22:17:30,34.63655,-75.96333,222.0,RACHEL
367488370,2023-01-01T22:18:33,34.63489,-75.96510,221.0,RACHEL
367488370,2023-01-01T22:19:35,34.63327,-75.96676,221.0,RACHEL
367488370,2023-01-01T22:20:37,34.63169,-75.96840,222.0,RACHEL
367488370,2023-01-01T22:21:39,34.63010,-75.97007,222.0,RACHEL
367488370,2023-01-01T22:22:40,34.62853,-75.97173,221.0,RACHEL
367488370,2023-01-01T22:23:41,34.62694,-75.97341,223.0,RACHEL
367488370,2023-01-01T22:24:43,34.62540,-75.97506,222.0,RACHEL
367488370,2023-01-01T22:25:46,34.62379,-75.97675,222.0,RACHEL
367488370,2023-01-01T22:26:47,34.62223,-75.97839,222.0,RACHEL
367488370,2023-01-01T22:27:54,34.62053,-75.98019,222.0,RACHEL
367488370,2023-01-01T22:28:55,34.61898,-75.98185,221.0,RACHEL
367488370,2023-01-01T22:30:00,34.61733,-75.98362,222.0,RACHEL
367488370,2023-01-01T22:31:02,34.61577,-75.98528,223.0,RACHEL
367488370,2023-01-01T22:32:04,34.61422,-75.98695,221.0,RACHEL
367488370,2023-01-01T22:33:06,34.61269,-75.98865,220.0,RACHEL
367488370,2023-01-01T22:34:07,34.61124,-75.99025,224.0,RACHEL
367488370,2023-01-01T22:35:13,34.60962,-75.99201,221.0,RACHEL
367488370,2023-01-01T22:36:14,34.60815,-75.99367,222.0,RACHEL
367488370,2023-01-01T22:37:16,34.60665,-75.99534,224.0,RACHEL
367488370,2023-01-01T22:38:20,34.60509,-75.99707,222.0,RACHEL
367488370,2023-01-01T22:39:22,34.60363,-75.99869,222.0,RACHEL
367488370,2023-01-01T22:40:23,34.60220,-76.00033,224.0,RACHEL
367488370,2023-01-01T22:41:26,34.60072,-76.00202,222.0,RACHEL
367488370,2023-01-01T22:42:29,34.59930,-76.00375,226.0,RACHEL
367488370,2023-01-01T22:43:30,34.59791,-76.00552,224.0,RACHEL
367488370,2023-01-01T22:44:32,34.59651,-76.00721,223.0,RACHEL
367488370,2023-01-01T22:45:34,34.59508,-76.00892,224.0,RACHEL
367488370,2023-01-01T22:46:37,34.59364,-76.01068,224.0,RACHEL
367488370,2023-01-01T22:47:44,34.59212,-76.01257,224.0,RACHEL
367488370,2023-01-01T22:48:45,34.59075,-76.01427,224.0,RACHEL
367488370,2023-01-01T22:49:49,34.58929,-76.01611,223.0,RACHEL
367488370,2023-01-01T22:50:50,34.58795,-76.01783,223.0,RACHEL
367488370,2023-01-01T22:51:51,34.58657,-76.01956,225.0,RACHEL
367488370,2023-01-01T22:52:53,34.58522,-76.02130,223.0,RACHEL
367488370,2023-01-01T22:53:55,34.58387,-76.02304,224.0,RACHEL
367488370,2023-01-01T22:54:57,34.58252,-76.02481,224.0,RACHEL
367488370,2023-01-01T22:56:01,34.58109,-76.02665,223.0,RACHEL
367488370,2023-01-01T22:57:02,34.57976,-76.02841,224.0,RACHEL
367488370,2023-01-01T22:58:03,34.57841,-76.03017,223.0,RACHEL
367488370,2023-01-01T22:59:07,34.57701,-76.03202,224.0,RACHEL
367488370,2023-01-01T23:00:00,34.57586,-76.03354,225.0,RACHEL
367488370,2023-01-01T23:01:04,34.57448,-76.03536,224.0,RACHEL
367488370,2023-01-01T23:02:07,34.57310,-76.03722,224.0,RACHEL
367488370,2023-01-01T23:03:08,34.57176,-76.03899,223.0,RACHEL
367488370,2023-01-01T23:04:09,34.57040,-76.04075,220.0,RACHEL
367488370,2023-01-01T23:05:10,34.56903,-76.04247,222.0,RACHEL
367488370,2023-01-01T23:06:13,34.56763,-76.04427,221.0,RACHEL
367488370,2023-01-01T23:07:14,34.56629,-76.04600,222.0,RACHEL
367488370,2023-01-01T23:08:15,34.56489,-76.04779,222.0,RACHEL
367488370,2023-01-01T23:09:16,34.56355,-76.04952,222.0,RACHEL
367488370,2023-01-01T23:10:17,34.56215,-76.05126,221.0,RACHEL
367488370,2023-01-01T23:11:21,34.56072,-76.05312,221.0,RACHEL
367488370,2023-01-01T23:12:23,34.55936,-76.05487,222.0,RACHEL
367488370,2023-01-01T23:13:25,34.55801,-76.05666,221.0,RACHEL
367488370,2023-01-01T23:14:26,34.55662,-76.05847,221.0,RACHEL
367488370,2023-01-01T23:15:27,34.55529,-76.06021,221.0,RACHEL
367488370,2023-01-01T23:16:30,34.55387,-76.06204,221.0,RACHEL
367488370,2023-01-01T23:17:33,34.55245,-76.06391,223.0,RACHEL
367488370,2023-01-01T23:18:34,34.55113,-76.06571,221.0,RACHEL
367488370,2023-01-01T23:19:36,34.54978,-76.06755,224.0,RACHEL
367488370,2023-01-01T23:20:37,34.54844,-76.06931,222.0,RACHEL
367488370,2023-01-01T23:21:40,34.54702,-76.07114,219.0,RACHEL
367488370,2023-01-01T23:22:42,34.54555,-76.07288,218.0,RACHEL
367488370,2023-01-01T23:23:44,34.54408,-76.07461,219.0,RACHEL
367488370,2023-01-01T23:24:45,34.54265,-76.07634,220.0,RACHEL
367488370,2023-01-01T23:25:46,34.54124,-76.07802,219.0,RACHEL
367488370,2023-01-01T23:26:49,34.53973,-76.07974,221.0,RACHEL
367488370,2023-01-01T23:27:51,34.53827,-76.08141,219.0,RACHEL
367488370,2023-01-01T23:28:53,34.53679,-76.08300,223.0,RACHEL
367488370,2023-01-01T23:29:56,34.53540,-76.08462,221.0,RACHEL
367488370,2023-01-01T23:30:58,34.53408,-76.08607,222.0,RACHEL
367488370,2023-01-01T23:32:00,34.53260,-76.08769,220.0,RACHEL
367488370,2023-01-01T23:33:01,34.53122,-76.08915,221.0,RACHEL
367488370,2023-01-01T23:34:03,34.52983,-76.09058,220.0,RACHEL
367488370,2023-01-01T23:35:09,34.52835,-76.09209,222.0,RACHEL
367488370,2023-01-01T23:36:16,34.52687,-76.09363,221.0,RACHEL
367488370,2023-01-01T23:37:17,34.52548,-76.09503,223.0,RACHEL
367488370,2023-01-01T23:38:18,34.52412,-76.09637,220.0,RACHEL
367488370,2023-01-01T23:39:22,34.52270,-76.09777,221.0,RACHEL
367488370,2023-01-01T23:40:24,34.52132,-76.09914,222.0,RACHEL
367488370,2023-01-01T23:41:26,34.51995,-76.10050,221.0,RACHEL
367488370,2023-01-01T23:42:32,34.51848,-76.10200,222.0,RACHEL
367488370,2023-01-01T23:43:34,34.51710,-76.10341,221.0,RACHEL
367488370,2023-01-01T23:44:35,34.51577,-76.10477,221.0,RACHEL
367488370,2023-01-01T23:45:40,34.51429,-76.10620,220.0,RACHEL
367488370,2023-01-01T23:46:41,34.51289,-76.10760,222.0,RACHEL
367488370,2023-01-01T23:47:43,34.51156,-76.10900,222.0,RACHEL
367488370,2023-01-01T23:48:48,34.51008,-76.11051,222.0,RACHEL
367488370,2023-01-01T23:49:49,34.50866,-76.11193,221.0,RACHEL
367488370,2023-01-01T23:50:53,34.50722,-76.11337,221.0,RACHEL
367488370,2023-01-01T23:51:57,34.50575,-76.11483,219.0,RACHEL
367488370,2023-01-01T23:52:59,34.50435,-76.11623,221.0,RACHEL
367488370,2023-01-01T23:54:01,34.50297,-76.11764,221.0,RACHEL
367488370,2023-01-01T23:55:03,34.50155,-76.11905,222.0,RACHEL
367488370,2023-01-01T23:56:04,34.50021,-76.12039,222.0,RACHEL
367488370,2023-01-01T23:57:05,34.49883,-76.12167,220.0,RACHEL
367488370,2023-01-01T23:58:06,34.49742,-76.12289,221.0,RACHEL
367488370,2023-01-01T23:59:07,34.49609,-76.12404,222.0,RACHEL
